,A1
0,0.127
1,0.127
2,0.127
3,0.127
4,0.127
5,0.127
6,0.127
7,0.127
8,0.127
9,0.127
10,0.127
11,0.127
12,0.127
13,0.181
14,0.127
15,0.127
16,0.127
17,0.127
18,0.127
19,0.127
20,0.127
21,0.127
22,0.127
23,0.127
24,0.127
25,0.127
26,0.127
27,0.127
28,0.127
29,0.127
30,0.127
31,0.127
32,0.127
33,0.127
34,0.127
35,0.127
36,0.127
37,0.127
38,0.127
39,0.127
40,0.127
41,0.127
42,0.127
43,0.127
44,0.127
45,0.127
46,0.127
47,0.127
48,0.127
49,0.127
50,0.127
51,0.127
52,0.127
53,0.127
54,0.127
55,0.127
56,0.127
57,0.127
58,0.127
59,0.127
60,0.127
61,0.127
62,0.127
63,0.127
64,0.127
65,0.127
66,0.127
67,0.127
68,0.127
69,0.127
70,0.127
71,0.127
72,0.127
73,0.127
74,0.127
75,0.127
76,0.127
77,0.127
78,0.127
79,0.127
80,0.127
81,0.127
82,0.159
83,0.127
84,0.127
85,0.127
86,0.127
87,0.127
88,0.127
89,0.127
90,0.127
91,0.132
92,0.127
93,0.127
94,0.127
95,0.127
96,0.127
97,0.127
98,0.127
99,0.127
100,0.127
101,0.127
102,0.127
103,0.127
104,0.127
105,0.127
106,0.127
107,0.127
108,0.127
109,0.127
110,0.127
111,0.127
112,0.127
113,0.127
114,0.127
115,0.127
116,0.127
117,0.127
118,0.127
119,0.127
120,0.127
121,0.127
122,0.127
123,0.21
124,0.146
125,0.127
126,0.127
127,0.127
128,0.127
129,0.127
130,0.127
131,0.127
132,0.127
133,0.127
134,0.127
135,0.173
136,0.127
137,0.127
138,0.127
139,0.127
140,0.127
141,0.127
142,0.127
143,0.127
144,0.127
145,0.127
146,0.127
147,0.127
148,0.132
149,0.127
150,0.127
151,0.127
152,0.127
153,0.127
154,0.127
155,0.127
156,0.127
157,0.127
158,0.127
159,0.127
160,0.127
161,0.127
162,0.127
163,0.127
164,0.127
165,0.127
166,0.127
167,0.127
168,0.127
169,0.127
170,0.127
171,0.127
172,0.127
173,0.127
174,0.127
175,0.127
176,0.127
177,0.127
178,0.127
179,0.127
180,0.127
181,0.127
182,0.127
183,0.127
184,0.127
185,0.127
186,0.127
187,0.127
188,0.127
189,0.127
190,0.127
191,0.127
192,0.127
193,0.127
194,0.127
195,0.127
196,0.127
197,0.127
198,0.127
199,0.127
200,0.127
201,0.127
202,0.127
203,0.127
204,0.127
205,0.127
206,0.127
207,0.127
208,0.127
209,0.145
210,0.127
211,0.127
212,0.127
213,0.127
214,0.127
215,0.127
216,0.127
217,0.127
218,0.127
219,0.127
220,0.127
221,0.127
222,0.127
223,0.127
224,0.127
225,0.127
226,0.127
227,0.127
228,0.127
229,0.127
230,0.127
231,0.127
232,0.127
233,0.127
234,0.127
235,0.127
236,0.127
237,0.127
238,0.127
239,0.127
240,0.127
241,0.127
242,0.127
243,0.127
244,0.127
245,0.127
246,0.127
247,0.127
248,0.127
249,0.127
250,0.127
251,0.127
252,0.127
253,0.127
254,0.127
255,0.127
256,0.127
257,0.127
258,0.127
259,0.127
260,0.127
261,0.127
262,0.127
263,0.127
264,0.205
265,0.127
266,0.127
267,0.127
268,0.127
269,0.127
270,0.127
271,0.127
272,0.127
273,0.127
274,0.127
275,0.127
276,0.127
277,0.127
278,0.127
279,0.127
280,0.127
281,0.127
282,0.127
283,0.127
284,0.127
285,0.127
286,0.127
287,0.127
288,0.127
289,0.127
290,0.127
291,0.127
292,0.127
293,0.127
294,0.127
295,0.127
296,0.127
297,0.127
298,0.127
299,0.127
300,0.127
301,0.127
302,0.127
303,0.127
304,0.127
305,0.127
306,0.127
307,0.127
308,0.127
309,0.127
310,0.127
311,0.127
312,0.127
313,0.127
314,0.127
315,0.127
316,0.127
317,0.127
318,0.127
319,0.127
320,0.127
321,0.127
322,0.127
323,0.127
324,0.127
325,0.127
326,0.127
327,0.127
328,0.127
329,0.127
330,0.127
331,0.127
332,0.127
333,0.127
334,0.127
335,0.127
336,0.127
337,0.127
338,0.127
339,0.127
340,0.127
341,0.13
342,0.127
343,0.127
344,0.127
345,0.127
346,0.127
347,0.127
348,0.127
349,0.127
350,0.127
351,0.127
352,0.127
353,0.127
354,0.127
355,0.127
356,0.127
357,0.127
358,0.127
359,0.127
360,0.152
361,0.158
362,0.127
363,0.127
364,0.127
365,0.127
366,0.127
367,0.127
368,0.127
369,0.127
370,0.127
371,0.127
372,0.127
373,0.127
374,0.127
375,0.127
376,0.127
377,0.127
378,0.155
379,0.127
380,0.127
381,0.127
382,0.127
383,0.127
384,0.127
385,0.127
386,0.127
387,0.127
388,0.127
389,0.127
390,0.127
391,0.127
392,0.127
393,0.127
394,0.127
395,0.127
396,0.127
397,0.127
398,0.127
399,0.127
400,0.127
401,0.127
402,0.127
403,0.127
404,0.127
405,0.127
406,0.127
407,0.127
408,0.127
409,0.127
410,0.127
411,0.127
412,0.127
413,0.127
414,0.127
415,0.127
416,0.127
417,0.127
418,0.127
419,0.127
420,0.127
421,0.127
422,0.127
423,0.127
424,0.127
425,0.127
426,0.127
427,0.127
428,0.127
429,0.127
430,0.127
431,0.127
432,0.127
433,0.127
434,0.127
435,0.127
436,0.127
437,0.127
438,0.127
439,0.127
440,0.127
441,0.127
442,0.127
443,0.127
444,0.127
445,0.127
446,0.127
447,0.127
448,0.127
449,0.127
450,0.127
451,0.127
452,0.127
453,0.127
454,0.127
455,0.127
456,0.127
457,0.127
458,0.127
459,0.127
460,0.127
461,0.127
462,0.127
463,0.127
464,0.127
465,0.127
466,0.127
467,0.127
468,0.127
469,0.127
470,0.127
471,0.127
472,0.127
473,0.127
474,0.127
475,0.127
476,0.127
477,0.127
478,0.127
479,0.127
480,0.127
481,0.127
482,0.127
483,0.127
484,0.127
485,0.127
486,0.127
487,0.127
488,0.127
489,0.127
490,0.127
491,0.127
492,0.127
493,0.127
494,0.127
495,0.127
496,0.127
497,0.127
498,0.127
499,0.127
500,0.127
501,0.127
502,0.127
503,0.127
504,0.127
505,0.127
506,0.127
507,0.127
508,0.127
509,0.127
510,0.127
511,0.127
512,0.127
513,0.127
514,0.127
515,0.127
516,0.127
517,0.127
518,0.127
519,0.127
520,0.127
521,0.127
522,0.127
523,0.127
524,0.127
525,0.127
526,0.127
527,0.127
528,0.127
529,0.127
530,0.127
531,0.127
532,0.127
533,0.127
534,0.127
535,0.127
536,0.127
537,0.127
538,0.127
539,0.127
540,0.127
541,0.127
542,0.127
543,0.127
544,0.127
545,0.127
546,0.127
547,0.127
548,0.127
549,0.127
550,0.127
551,0.127
552,0.127
553,0.127
554,0.127
555,0.127
556,0.127
557,0.127
558,0.127
559,0.127
560,0.127
561,0.127
562,0.127
563,0.127
564,0.127
565,0.127
566,0.127
567,0.127
568,0.127
569,0.127
570,0.127
571,0.127
572,0.127
573,0.127
574,0.127
575,0.127
576,0.127
577,0.127
578,0.127
579,0.127
580,0.127
581,0.127
582,0.127
583,0.127
584,0.127
585,0.127
586,0.127
587,0.127
588,0.127
589,0.127
590,0.127
591,0.127
592,0.127
593,0.127
594,0.127
595,0.127
596,0.127
597,0.127
598,0.127
599,0.127
600,0.127
601,0.127
602,0.127
603,0.127
604,0.127
605,0.127
606,0.127
607,0.127
608,0.127
609,0.127
610,0.127
611,0.127
612,0.127
613,0.127
614,0.127
615,0.127
616,0.127
617,0.127
618,0.127
619,0.127
620,0.127
621,0.127
622,0.127
623,0.127
624,0.127
625,0.127
626,0.127
627,0.127
628,0.127
629,0.127
630,0.127
631,0.127
632,0.168
633,0.127
634,0.127
635,0.127
636,0.127
637,0.127
638,0.127
639,0.127
640,0.127
641,0.127
642,0.127
643,0.127
644,0.127
645,0.127
646,0.127
647,0.127
648,0.127
649,0.127
650,0.127
651,0.127
652,0.127
653,0.127
654,0.127
655,0.127
656,0.127
657,0.127
658,0.127
659,0.127
660,0.127
661,0.127
662,0.127
663,0.127
664,0.127
665,0.127
666,0.127
667,0.127
668,0.127
669,0.127
670,0.127
671,0.127
672,0.127
673,0.127
674,0.127
675,0.127
676,0.127
677,0.127
678,0.127
679,0.127
680,0.127
681,0.127
682,0.127
683,0.127
684,0.127
685,0.127
686,0.127
687,0.127
688,0.127
689,0.127
690,0.127
691,0.127
692,0.21
693,0.127
694,0.127
695,0.127
696,0.127
697,0.127
698,0.127
699,0.127
700,0.127
701,0.127
702,0.127
703,0.127
704,0.127
705,0.127
706,0.127
707,0.127
708,0.127
709,0.127
710,0.127
711,0.127
712,0.127
713,0.127
714,0.127
715,0.127
716,0.127
717,0.127
718,0.127
719,0.127
720,0.127
721,0.127
722,0.127
723,0.127
724,0.127
725,0.127
726,0.127
727,0.127
728,0.127
729,0.127
730,0.127
731,0.127
732,0.127
733,0.127
734,0.127
735,0.127
736,0.127
737,0.127
738,0.127
739,0.127
740,0.127
741,0.127
742,0.127
743,0.127
744,0.127
745,0.127
746,0.127
747,0.127
748,0.127
749,0.127
750,0.127
751,0.127
752,0.127
753,0.127
754,0.127
755,0.127
756,0.127
757,0.127
758,0.127
759,0.127
760,0.127
761,0.127
762,0.127
763,0.127
764,0.127
765,0.127
766,0.127
767,0.127
768,0.127
769,0.127
770,0.127
771,0.127
772,0.127
773,0.127
774,0.127
775,0.127
776,0.127
777,0.127
778,0.127
779,0.127
780,0.127
781,0.127
782,0.127
783,0.127
784,0.127
785,0.127
786,0.127
787,0.127
788,0.144
789,0.127
790,0.127
791,0.127
792,0.127
793,0.127
794,0.127
795,0.127
796,0.127
797,0.127
798,0.127
799,0.127
800,0.127
801,0.127
802,0.127
803,0.127
804,0.127
805,0.127
806,0.127
807,0.127
808,0.127
809,0.127
810,0.127
811,0.127
812,0.127
813,0.127
814,0.127
815,0.127
816,0.127
817,0.127
818,0.127
819,0.127
820,0.127
821,0.127
822,0.127
823,0.127
824,0.127
825,0.127
826,0.127
827,0.127
828,0.127
829,0.127
830,0.127
831,0.127
832,0.127
833,0.127
834,0.127
835,0.127
836,0.127
837,0.127
838,0.127
839,0.127
840,0.127
841,0.127
842,0.127
843,0.127
844,0.127
845,0.127
846,0.127
847,0.127
848,0.127
849,0.127
850,0.127
851,0.127
852,0.127
853,0.127
854,0.127
855,0.127
856,0.127
857,0.127
858,0.127
859,0.127
860,0.127
861,0.127
862,0.127
863,0.127
864,0.127
865,0.127
866,0.127
867,0.127
868,0.127
869,0.127
870,0.127
871,0.127
872,0.127
873,0.127
874,0.127
875,0.142
876,0.127
877,0.127
878,0.127
879,0.127
880,0.127
881,0.127
882,0.127
883,0.127
884,0.127
885,0.127
886,0.127
887,0.127
888,0.127
889,0.127
890,0.127
891,0.127
892,0.127
893,0.127
894,0.127
895,0.127
896,0.127
897,0.127
898,0.127
899,0.127
900,0.127
901,0.127
902,0.127
903,0.127
904,0.127
905,0.127
906,0.127
907,0.127
908,0.127
909,0.127
910,0.127
911,0.127
912,0.127
913,0.127
914,0.127
915,0.127
916,0.127
917,0.127
918,0.127
919,0.127
920,0.127
921,0.127
922,0.127
923,0.127
924,0.127
925,0.127
926,0.127
927,0.127
928,0.127
929,0.127
930,0.127
931,0.127
932,0.127
933,0.127
934,0.127
935,0.128
936,0.127
937,0.127
938,0.127
939,0.127
940,0.127
941,0.127
942,0.127
943,0.127
944,0.127
945,0.127
946,0.127
947,0.127
948,0.127
949,0.127
950,0.127
951,0.127
952,0.127
953,0.127
954,0.127
955,0.127
956,0.127
957,0.127
958,0.127
959,0.127
960,0.127
961,0.127
962,0.127
963,0.127
964,0.127
965,0.138
966,0.127
967,0.127
968,0.127
969,0.127
970,0.127
971,0.127
972,0.127
973,0.127
974,0.127
975,0.127
976,0.127
977,0.127
978,0.127
979,0.127
980,0.127
981,0.127
982,0.127
983,0.127
984,0.127
985,0.127
986,0.127
987,0.127
988,0.127
989,0.127
990,0.127
991,0.127
992,0.127
993,0.127
994,0.127
995,0.127
996,0.127
997,0.127
998,0.127
999,0.146
1000,0.127
1001,0.127
1002,0.127
1003,0.127
1004,0.127
1005,0.127
1006,0.127
1007,0.127
1008,0.127
1009,0.127
1010,0.127
1011,0.127
1012,0.127
1013,0.127
1014,0.127
1015,0.127
1016,0.127
1017,0.127
1018,0.127
1019,0.127
1020,0.127
1021,0.127
1022,0.127
1023,0.127
1024,0.127
1025,0.127
1026,0.127
1027,0.127
1028,0.127
1029,0.127
1030,0.127
1031,0.127
1032,0.127
1033,0.127
1034,0.127
1035,0.127
1036,0.127
1037,0.127
1038,0.127
1039,0.127
1040,0.127
1041,0.127
1042,0.127
1043,0.127
1044,0.127
1045,0.127
1046,0.127
1047,0.127
1048,0.127
1049,0.127
1050,0.127
1051,0.127
1052,0.127
1053,0.127
1054,0.127
1055,0.127
1056,0.127
1057,0.127
1058,0.127
1059,0.127
1060,0.127
1061,0.127
1062,0.127
1063,0.127
1064,0.127
1065,0.127
1066,0.127
1067,0.127
1068,0.127
1069,0.127
1070,0.127
1071,0.127
1072,0.127
1073,0.283
1074,0.127
1075,0.127
1076,0.127
1077,0.127
1078,0.127
1079,0.127
1080,0.127
1081,0.127
1082,0.127
1083,0.127
1084,0.127
1085,0.127
1086,0.127
1087,0.127
1088,0.127
1089,0.127
1090,0.127
1091,0.127
1092,0.127
1093,0.127
1094,0.127
1095,0.127
1096,0.127
1097,0.127
1098,0.127
1099,0.127
1100,0.127
1101,0.127
1102,0.127
1103,0.127
1104,0.127
1105,0.127
1106,0.127
1107,0.127
1108,0.127
1109,0.127
1110,0.127
1111,0.127
1112,0.127
1113,0.127
1114,0.127
1115,0.127
1116,0.127
1117,0.127
1118,0.127
1119,0.127
1120,0.127
1121,0.127
1122,0.127
1123,0.127
1124,0.127
1125,0.127
1126,0.127
1127,0.127
1128,0.127
1129,0.127
1130,0.127
1131,0.127
1132,0.127
1133,0.127
1134,0.127
1135,0.127
1136,0.127
1137,0.127
1138,0.127
1139,0.127
1140,0.127
1141,0.127
1142,0.127
1143,0.127
1144,0.127
1145,0.127
1146,0.127
1147,0.127
1148,0.127
1149,0.127
1150,0.127
1151,0.129
1152,0.127
1153,0.127
1154,0.127
1155,0.127
1156,0.127
1157,0.127
1158,0.127
1159,0.127
1160,0.127
1161,0.127
1162,0.127
1163,0.127
1164,0.127
1165,0.127
1166,0.127
1167,0.127
1168,0.127
1169,0.127
1170,0.127
1171,0.127
1172,0.127
1173,0.127
1174,0.127
1175,0.127
1176,0.127
1177,0.127
1178,0.127
1179,0.127
1180,0.127
1181,0.127
1182,0.127
1183,0.127
1184,0.127
1185,0.127
1186,0.127
1187,0.127
1188,0.127
1189,0.127
1190,0.127
1191,0.127
1192,0.127
1193,0.127
1194,0.127
1195,0.127
1196,0.127
1197,0.127
1198,0.127
1199,0.127
1200,0.127
1201,0.127
1202,0.127
1203,0.127
1204,0.127
1205,0.127
1206,0.127
1207,0.127
1208,0.127
1209,0.127
1210,0.127
1211,0.127
1212,0.127
1213,0.127
1214,0.127
1215,0.127
1216,0.127
1217,0.127
1218,0.127
1219,0.127
1220,0.127
1221,0.127
1222,0.127
1223,0.127
1224,0.127
1225,0.127
1226,0.127
1227,0.127
1228,0.127
1229,0.127
1230,0.127
1231,0.127
1232,0.127
1233,0.127
1234,0.127
1235,0.127
1236,0.127
1237,0.127
1238,0.127
1239,0.127
1240,0.127
1241,0.127
1242,0.127
1243,0.127
1244,0.127
1245,0.127
1246,0.127
1247,0.127
1248,0.127
1249,0.127
1250,0.127
1251,0.127
1252,0.127
1253,0.127
1254,0.127
1255,0.127
1256,0.146
1257,0.127
1258,0.127
1259,0.127
1260,0.127
1261,0.127
1262,0.127
1263,0.127
1264,0.127
1265,0.127
1266,0.127
1267,0.127
1268,0.127
1269,0.127
1270,0.127
1271,0.127
1272,0.127
1273,0.127
1274,0.127
1275,0.127
1276,0.127
1277,0.127
1278,0.127
1279,0.127
1280,0.167
1281,0.127
1282,0.127
1283,0.16
1284,0.127
1285,0.145
1286,0.127
1287,0.127
1288,0.127
1289,0.127
1290,0.127
1291,0.127
1292,0.127
1293,0.127
1294,0.127
1295,0.127
1296,0.127
1297,0.127
1298,0.127
1299,0.127
1300,0.127
1301,0.127
1302,0.127
1303,0.127
1304,0.127
1305,0.127
1306,0.127
1307,0.127
1308,0.127
1309,0.127
1310,0.127
1311,0.127
1312,0.133
1313,0.127
1314,0.127
1315,0.127
1316,0.127
1317,0.127
1318,0.127
1319,0.127
1320,0.127
1321,0.127
1322,0.127
1323,0.127
1324,0.127
1325,0.127
1326,0.127
1327,0.127
1328,0.127
1329,0.127
1330,0.127
1331,0.127
1332,0.127
1333,0.127
1334,0.127
1335,0.127
1336,0.127
1337,0.127
1338,0.127
1339,0.127
1340,0.127
1341,0.127
1342,0.127
1343,0.127
1344,0.127
1345,0.127
1346,0.127
1347,0.127
1348,0.127
1349,0.127
1350,0.127
1351,0.127
1352,0.127
1353,0.127
1354,0.127
1355,0.127
1356,0.127
1357,0.127
1358,0.172
1359,0.127
1360,0.127
1361,0.127
1362,0.127
1363,0.127
1364,0.127
1365,0.127
1366,0.127
1367,0.127
1368,0.127
1369,0.127
1370,0.127
1371,0.127
1372,0.127
1373,0.127
1374,0.127
1375,0.127
1376,0.127
1377,0.127
1378,0.127
1379,0.127
1380,0.127
1381,0.127
1382,0.127
1383,0.127
1384,0.127
1385,0.127
1386,0.127
1387,0.127
1388,0.127
1389,0.127
1390,0.127
1391,0.127
1392,0.127
1393,0.127
1394,0.127
1395,0.127
1396,0.127
1397,0.127
1398,0.127
1399,0.127
1400,0.127
1401,0.127
1402,0.127
1403,0.127
1404,0.127
1405,0.127
1406,0.127
1407,0.127
1408,0.127
1409,0.127
1410,0.127
1411,0.127
1412,0.127
1413,0.127
1414,0.127
1415,0.127
1416,0.127
1417,0.127
1418,0.127
1419,0.127
1420,0.127
1421,0.127
1422,0.127
1423,0.127
1424,0.127
1425,0.127
1426,0.127
1427,0.127
1428,0.127
1429,0.127
1430,0.127
1431,0.127
1432,0.127
1433,0.127
1434,0.127
1435,0.127
1436,0.127
1437,0.127
1438,0.127
1439,0.127
1440,0.127
1441,0.127
1442,0.127
1443,0.127
1444,0.127
1445,0.127
1446,0.127
1447,0.127
1448,0.127
1449,0.127
1450,0.127
1451,0.127
1452,0.127
1453,0.127
1454,0.127
1455,0.127
1456,0.127
1457,0.127
1458,0.127
1459,0.127
1460,0.127
1461,0.127
1462,0.127
1463,0.127
1464,0.127
1465,0.127
1466,0.127
1467,0.127
1468,0.127
1469,0.127
1470,0.127
1471,0.127
1472,0.127
1473,0.127
1474,0.127
1475,0.127
1476,0.127
1477,0.127
1478,0.127
1479,0.127
1480,0.127
1481,0.127
1482,0.127
1483,0.127
1484,0.127
1485,0.127
1486,0.127
1487,0.127
1488,0.127
1489,0.127
1490,0.127
1491,0.127
1492,0.127
1493,0.127
1494,0.127
1495,0.127
1496,0.127
1497,0.127
1498,0.127
1499,0.127
1500,0.127
1501,0.127
1502,0.127
1503,0.127
1504,0.127
1505,0.127
1506,0.127
1507,0.127
1508,0.127
1509,0.127
1510,0.127
1511,0.127
1512,0.127
1513,0.127
1514,0.127
1515,0.127
1516,0.127
1517,0.127
1518,0.127
1519,0.127
1520,0.127
1521,0.127
1522,0.127
1523,0.127
1524,0.127
1525,0.127
1526,0.127
1527,0.127
1528,0.127
1529,0.127
1530,0.127
1531,0.127
1532,0.127
1533,0.127
1534,0.127
1535,0.127
1536,0.127
1537,0.127
1538,0.127
1539,0.127
1540,0.127
1541,0.127
1542,0.127
1543,0.127
1544,0.127
1545,0.127
1546,0.127
1547,0.127
1548,0.127
1549,0.127
1550,0.127
1551,0.127
1552,0.127
1553,0.127
1554,0.127
1555,0.127
1556,0.127
1557,0.127
1558,0.127
1559,0.127
1560,0.127
1561,0.127
1562,0.127
1563,0.127
1564,0.127
1565,0.127
1566,0.127
1567,0.127
1568,0.127
1569,0.127
1570,0.127
1571,0.127
1572,0.127
1573,0.127
1574,0.127
1575,0.127
1576,0.127
1577,0.127
1578,0.127
1579,0.127
1580,0.127
1581,0.127
1582,0.127
1583,0.127
1584,0.127
1585,0.127
1586,0.127
1587,0.127
1588,0.127
1589,0.127
1590,0.127
1591,0.127
1592,0.127
1593,0.127
1594,0.127
1595,0.127
1596,0.127
1597,0.127
1598,0.127
1599,0.127
1600,0.127
1601,0.127
1602,0.127
1603,0.127
1604,0.127
1605,0.127
1606,0.127
1607,0.127
1608,0.127
1609,0.127
1610,0.127
1611,0.127
1612,0.127
1613,0.127
1614,0.127
1615,0.127
1616,0.127
1617,0.127
1618,0.127
1619,0.127
1620,0.127
1621,0.127
1622,0.127
1623,0.127
1624,0.127
1625,0.127
1626,0.127
1627,0.127
1628,0.127
1629,0.127
1630,0.127
1631,0.127
1632,0.127
1633,0.127
1634,0.127
1635,0.127
1636,0.127
1637,0.127
1638,0.127
1639,0.127
1640,0.127
1641,0.127
1642,0.127
1643,0.127
1644,0.127
1645,0.127
1646,0.127
1647,0.127
1648,0.127
1649,0.127
1650,0.127
1651,0.127
1652,0.127
1653,0.127
1654,0.127
1655,0.127
1656,0.127
1657,0.127
1658,0.127
1659,0.127
1660,0.127
1661,0.127
1662,0.127
1663,0.127
1664,0.127
1665,0.127
1666,0.127
1667,0.127
1668,0.127
1669,0.127
1670,0.127
1671,0.127
1672,0.127
1673,0.127
1674,0.127
1675,0.127
1676,0.127
1677,0.127
1678,0.127
1679,0.127
1680,0.127
1681,0.127
1682,0.127
1683,0.127
1684,0.127
1685,0.127
1686,0.127
1687,0.127
1688,0.127
1689,0.127
1690,0.127
1691,0.127
1692,0.127
1693,0.127
1694,0.127
1695,0.127
1696,0.127
1697,0.127
1698,0.127
1699,0.127
1700,0.127
1701,0.127
1702,0.127
1703,0.127
1704,0.127
1705,0.127
1706,0.127
1707,0.127
1708,0.127
1709,0.127
1710,0.127
1711,0.127
1712,0.127
1713,0.127
1714,0.127
1715,0.127
1716,0.127
1717,0.127
1718,0.127
1719,0.127
1720,0.127
1721,0.127
1722,0.127
1723,0.127
1724,0.127
1725,0.127
1726,0.127
1727,0.127
1728,0.127
1729,0.127
1730,0.127
1731,0.127
1732,0.127
1733,0.127
1734,0.127
1735,0.127
1736,0.127
1737,0.127
1738,0.127
1739,0.127
1740,0.127
1741,0.127
1742,0.127
1743,0.127
1744,0.127
1745,0.127
1746,0.127
1747,0.127
1748,0.127
1749,0.127
1750,0.127
1751,0.127
1752,0.127
1753,0.127
1754,0.127
1755,0.127
1756,0.127
1757,0.127
1758,0.127
1759,0.127
1760,0.127
1761,0.127
1762,0.127
1763,0.127
1764,0.127
1765,0.127
1766,0.127
1767,0.127
1768,0.157
1769,0.127
1770,0.127
1771,0.127
1772,0.127
1773,0.127
1774,0.127
1775,0.127
1776,0.127
1777,0.127
1778,0.127
1779,0.127
1780,0.127
1781,0.127
1782,0.127
1783,0.127
1784,0.127
1785,0.127
1786,0.127
1787,0.127
1788,0.127
1789,0.127
1790,0.127
1791,0.127
1792,0.127
1793,0.127
1794,0.127
1795,0.127
1796,0.127
1797,0.201
1798,0.127
1799,0.127
1800,0.127
1801,0.127
1802,0.127
1803,0.127
1804,0.127
1805,0.127
1806,0.127
1807,0.127
1808,0.127
1809,0.127
1810,0.127
1811,0.127
1812,0.127
1813,0.127
1814,0.127
1815,0.127
1816,0.127
1817,0.127
1818,0.127
1819,0.127
1820,0.127
1821,0.127
1822,0.127
1823,0.127
1824,0.127
1825,0.127
1826,0.127
1827,0.127
1828,0.127
1829,0.127
1830,0.127
1831,0.127
1832,0.127
1833,0.127
1834,0.127
1835,0.127
1836,0.127
1837,0.127
1838,0.127
1839,0.127
1840,0.127
1841,0.127
1842,0.127
1843,0.127
1844,0.127
1845,0.127
1846,0.127
1847,0.127
1848,0.127
1849,0.128
1850,0.127
1851,0.127
1852,0.127
1853,0.127
1854,0.127
1855,0.127
1856,0.127
1857,0.127
1858,0.127
1859,0.127
1860,0.127
1861,0.127
1862,0.127
1863,0.127
1864,0.127
1865,0.127
1866,0.127
1867,0.127
1868,0.127
1869,0.127
1870,0.127
1871,0.127
1872,0.127
1873,0.127
1874,0.127
1875,0.127
1876,0.127
1877,0.127
1878,0.127
1879,0.127
1880,0.127
1881,0.127
1882,0.127
1883,0.127
1884,0.127
1885,0.127
1886,0.127
1887,0.127
1888,0.127
1889,0.127
1890,0.127
1891,0.127
1892,0.127
1893,0.127
1894,0.127
1895,0.127
1896,0.127
1897,0.127
1898,0.127
1899,0.127
1900,0.127
1901,0.127
1902,0.127
1903,0.127
1904,0.127
1905,0.127
1906,0.127
1907,0.127
1908,0.127
1909,0.127
1910,0.127
1911,0.127
1912,0.127
1913,0.127
1914,0.127
1915,0.127
1916,0.127
1917,0.127
1918,0.127
1919,0.127
1920,0.127
1921,0.127
1922,0.127
1923,0.127
1924,0.127
1925,0.127
1926,0.127
1927,0.127
1928,0.127
1929,0.127
1930,0.127
1931,0.127
1932,0.127
1933,0.127
1934,0.127
1935,0.127
1936,0.127
1937,0.127
1938,0.127
1939,0.127
1940,0.127
1941,0.127
1942,0.127
1943,0.127
1944,0.127
1945,0.127
1946,0.127
1947,0.127
1948,0.127
1949,0.219
1950,0.127
1951,0.127
1952,0.127
1953,0.127
1954,0.127
1955,0.127
1956,0.127
1957,0.127
1958,0.127
1959,0.127
1960,0.127
1961,0.127
1962,0.127
1963,0.127
1964,0.127
1965,0.127
1966,0.127
1967,0.127
1968,0.127
1969,0.127
1970,0.127
1971,0.127
1972,0.127
1973,0.127
1974,0.127
1975,0.127
1976,0.127
1977,0.127
1978,0.127
1979,0.127
1980,0.127
1981,0.127
1982,0.127
1983,0.127
1984,0.127
1985,0.127
1986,0.127
1987,0.127
1988,0.127
1989,0.127
1990,0.127
1991,0.127
1992,0.127
1993,0.127
1994,0.127
1995,0.127
1996,0.127
1997,0.127
1998,0.127
1999,0.127
2000,0.127
2001,0.127
2002,0.127
2003,0.127
2004,0.127
2005,0.127
2006,0.127
2007,0.127
2008,0.127
2009,0.127
2010,0.127
2011,0.127
2012,0.127
2013,0.127
2014,0.127
2015,0.127
2016,0.127
2017,0.127
2018,0.127
2019,0.127
2020,0.127
2021,0.127
2022,0.127
2023,0.127
2024,0.127
2025,0.127
2026,0.127
2027,0.127
2028,0.127
2029,0.127
2030,0.127
2031,0.127
2032,0.127
2033,0.127
2034,0.127
2035,0.127
2036,0.127
2037,0.127
2038,0.127
2039,0.127
2040,0.127
2041,0.127
2042,0.127
2043,0.127
2044,0.127
2045,0.127
2046,0.127
2047,0.127
2048,0.127
2049,0.127
2050,0.127
2051,0.127
2052,0.127
2053,0.127
2054,0.127
2055,0.127
2056,0.127
2057,0.127
2058,0.127
2059,0.127
2060,0.127
2061,0.127
2062,0.127
2063,0.127
2064,0.127
2065,0.127
2066,0.127
2067,0.127
2068,0.127
2069,0.127
2070,0.127
2071,0.127
2072,0.127
2073,0.127
2074,0.127
2075,0.127
2076,0.127
2077,0.127
2078,0.127
2079,0.127
2080,0.127
2081,0.127
2082,0.127
2083,0.127
2084,0.127
2085,0.127
2086,0.127
2087,0.127
2088,0.127
2089,0.127
2090,0.127
2091,0.127
2092,0.127
2093,0.127
2094,0.127
2095,0.127
2096,0.127
2097,0.127
2098,0.127
2099,0.127
2100,0.127
2101,0.127
2102,0.127
2103,0.127
2104,0.127
2105,0.127
2106,0.127
2107,0.127
2108,0.127
2109,0.127
2110,0.127
2111,0.127
2112,0.127
2113,0.127
2114,0.127
2115,0.127
2116,0.127
2117,0.127
2118,0.127
2119,0.127
2120,0.127
2121,0.127
2122,0.127
2123,0.127
2124,0.127
2125,0.127
2126,0.127
2127,0.127
2128,0.127
2129,0.127
2130,0.127
2131,0.127
2132,0.127
2133,0.127
2134,0.127
2135,0.127
2136,0.127
2137,0.127
2138,0.127
2139,0.127
2140,0.127
2141,0.127
2142,0.127
2143,0.127
2144,0.127
2145,0.127
2146,0.127
2147,0.127
2148,0.127
2149,0.127
2150,0.127
2151,0.127
2152,0.127
2153,0.127
2154,0.127
2155,0.127
2156,0.127
2157,0.127
2158,0.127
2159,0.127
2160,0.127
2161,0.127
2162,0.127
2163,0.127
2164,0.127
2165,0.127
2166,0.127
2167,0.127
2168,0.127
2169,0.127
2170,0.127
2171,0.127
2172,0.127
2173,0.127
2174,0.127
2175,0.127
2176,0.127
2177,0.127
2178,0.127
2179,0.127
2180,0.127
2181,0.127
2182,0.127
2183,0.127
2184,0.127
2185,0.127
2186,0.127
2187,0.127
2188,0.127
2189,0.127
2190,0.127
2191,0.127
2192,0.127
2193,0.127
2194,0.127
2195,0.127
2196,0.127
2197,0.127
2198,0.182
2199,0.127
2200,0.127
2201,0.127
2202,0.127
2203,0.127
2204,0.127
2205,0.127
2206,0.127
2207,0.127
2208,0.127
2209,0.127
2210,0.127
2211,0.127
2212,0.127
2213,0.127
2214,0.127
2215,0.127
2216,0.127
2217,0.127
2218,0.127
2219,0.127
2220,0.127
2221,0.127
2222,0.127
2223,0.127
2224,0.127
2225,0.127
2226,0.127
2227,0.127
2228,0.127
2229,0.127
2230,0.127
2231,0.127
2232,0.127
2233,0.127
2234,0.127
2235,0.127
2236,0.127
2237,0.127
2238,0.127
2239,0.127
2240,0.127
2241,0.127
2242,0.127
2243,0.127
2244,0.127
2245,0.127
2246,0.127
2247,0.127
2248,0.127
2249,0.127
2250,0.127
2251,0.127
2252,0.127
2253,0.127
2254,0.127
2255,0.127
2256,0.127
2257,0.127
2258,0.127
2259,0.127
2260,0.127
2261,0.127
2262,0.127
2263,0.127
2264,0.127
2265,0.127
2266,0.127
2267,0.127
2268,0.127
2269,0.127
2270,0.127
2271,0.127
2272,0.127
2273,0.127
2274,0.127
2275,0.127
2276,0.127
2277,0.127
2278,0.127
2279,0.127
2280,0.127
2281,0.127
2282,0.127
2283,0.127
2284,0.127
2285,0.127
2286,0.127
2287,0.127
2288,0.127
2289,0.127
2290,0.127
2291,0.127
2292,0.136
2293,0.127
2294,0.127
2295,0.127
2296,0.127
2297,0.127
2298,0.127
2299,0.127
2300,0.127
2301,0.127
2302,0.127
2303,0.127
2304,0.127
2305,0.127
2306,0.127
2307,0.127
2308,0.127
2309,0.127
2310,0.127
2311,0.127
2312,0.127
2313,0.127
2314,0.127
2315,0.127
2316,0.127
2317,0.127
2318,0.127
2319,0.127
2320,0.127
2321,0.127
2322,0.127
2323,0.127
2324,0.127
2325,0.127
2326,0.127
2327,0.127
2328,0.127
2329,0.127
2330,0.127
2331,0.127
2332,0.127
2333,0.127
2334,0.127
2335,0.127
2336,0.127
2337,0.127
2338,0.127
2339,0.127
2340,0.127
2341,0.127
2342,0.127
2343,0.127
2344,0.127
2345,0.127
2346,0.127
2347,0.127
2348,0.127
2349,0.127
2350,0.127
2351,0.334
2352,0.127
2353,0.127
2354,0.127
2355,0.127
2356,0.127
2357,0.127
2358,0.127
2359,0.127
2360,0.127
2361,0.127
2362,0.154
2363,0.127
2364,0.127
2365,0.127
2366,0.127
2367,0.127
2368,0.127
2369,0.127
2370,0.127
2371,0.127
2372,0.127
2373,0.127
2374,0.127
2375,0.127
2376,0.127
2377,0.127
2378,0.127
2379,0.127
2380,0.127
2381,0.127
2382,0.127
2383,0.127
2384,0.127
2385,0.127
2386,0.127
2387,0.127
2388,0.127
2389,0.127
2390,0.127
2391,0.127
2392,0.127
2393,0.127
2394,0.127
2395,0.127
2396,0.127
2397,0.127
2398,0.127
2399,0.127
2400,0.127
2401,0.127
2402,0.127
2403,0.127
2404,0.127
2405,0.127
2406,0.127
2407,0.127
2408,0.127
2409,0.127
2410,0.127
2411,0.127
2412,0.127
2413,0.127
2414,0.127
2415,0.127
2416,0.127
2417,0.127
2418,0.127
2419,0.127
2420,0.127
2421,0.127
2422,0.127
2423,0.127
2424,0.127
2425,0.127
2426,0.127
2427,0.127
2428,0.127
2429,0.127
2430,0.127
2431,0.127
2432,0.127
2433,0.127
2434,0.127
2435,0.127
2436,0.127
2437,0.127
2438,0.127
2439,0.127
2440,0.127
2441,0.127
2442,0.127
2443,0.127
2444,0.127
2445,0.127
2446,0.127
2447,0.127
2448,0.144
2449,0.127
2450,0.127
2451,0.127
2452,0.127
2453,0.127
2454,0.127
2455,0.127
2456,0.127
2457,0.127
2458,0.127
2459,0.127
2460,0.127
2461,0.127
2462,0.127
2463,0.127
2464,0.127
2465,0.127
2466,0.127
2467,0.127
2468,0.127
2469,0.127
2470,0.127
2471,0.127
2472,0.127
2473,0.127
2474,0.127
2475,0.127
2476,0.127
2477,0.127
2478,0.127
2479,0.127
2480,0.127
2481,0.127
2482,0.127
2483,0.127
2484,0.127
2485,0.127
2486,0.127
2487,0.127
2488,0.127
2489,0.127
2490,0.127
2491,0.127
2492,0.127
2493,0.127
2494,0.127
2495,0.127
2496,0.127
2497,0.127
2498,0.127
2499,0.127
2500,0.127
2501,0.127
2502,0.127
2503,0.127
2504,0.127
2505,0.127
2506,0.127
2507,0.127
2508,0.127
2509,0.127
2510,0.127
2511,0.127
2512,0.127
2513,0.127
2514,0.127
2515,0.127
2516,0.127
2517,0.127
2518,0.127
2519,0.127
2520,0.146
2521,0.127
2522,0.199
2523,0.127
2524,0.127
2525,0.127
2526,0.127
2527,0.127
2528,0.127
2529,0.127
2530,0.127
2531,0.127
2532,0.127
2533,0.127
2534,0.127
2535,0.127
2536,0.127
2537,0.127
2538,0.127
2539,0.127
2540,0.127
2541,0.127
2542,0.127
2543,0.127
2544,0.127
2545,0.127
2546,0.127
2547,0.127
2548,0.127
2549,0.127
2550,0.127
2551,0.127
2552,0.127
2553,0.127
2554,0.127
2555,0.127
2556,0.127
2557,0.127
2558,0.127
2559,0.127
2560,0.127
2561,0.127
2562,0.127
2563,0.147
2564,0.127
2565,0.127
2566,0.127
2567,0.127
2568,0.127
2569,0.127
2570,0.127
2571,0.127
2572,0.127
2573,0.127
2574,0.127
2575,0.127
2576,0.127
2577,0.127
2578,0.127
2579,0.127
2580,0.127
2581,0.127
2582,0.127
2583,0.127
2584,0.127
2585,0.127
2586,0.127
2587,0.127
2588,0.127
2589,0.127
2590,0.127
2591,0.127
2592,0.127
2593,0.127
2594,0.127
2595,0.127
2596,0.127
2597,0.127
2598,0.127
2599,0.127
2600,0.127
2601,0.127
2602,0.127
2603,0.127
2604,0.127
2605,0.127
2606,0.127
2607,0.127
2608,0.127
2609,0.127
2610,0.127
2611,0.127
2612,0.127
2613,0.127
2614,0.127
2615,0.127
2616,0.127
2617,0.127
2618,0.127
2619,0.127
2620,0.127
2621,0.127
2622,0.127
2623,0.127
2624,0.127
2625,0.127
2626,0.127
2627,0.127
2628,0.127
2629,0.127
2630,0.127
2631,0.127
2632,0.127
2633,0.127
2634,0.127
2635,0.127
2636,0.127
2637,0.127
2638,0.127
2639,0.127
2640,0.127
2641,0.127
2642,0.127
2643,0.127
2644,0.127
2645,0.127
2646,0.127
2647,0.127
2648,0.127
2649,0.127
2650,0.127
2651,0.127
2652,0.127
2653,0.127
2654,0.127
2655,0.127
2656,0.127
2657,0.127
2658,0.127
2659,0.127
2660,0.127
2661,0.127
2662,0.127
2663,0.127
2664,0.127
2665,0.127
2666,0.127
2667,0.127
2668,0.127
2669,0.127
2670,0.127
2671,0.127
2672,0.127
2673,0.127
2674,0.127
2675,0.127
2676,0.127
2677,0.127
2678,0.127
2679,0.127
2680,0.127
2681,0.127
2682,0.127
2683,0.127
2684,0.127
2685,0.127
2686,0.127
2687,0.127
2688,0.127
2689,0.127
2690,0.127
2691,0.127
2692,0.127
2693,0.127
2694,0.127
2695,0.127
2696,0.127
2697,0.127
2698,0.127
2699,0.127
2700,0.127
2701,0.127
2702,0.127
2703,0.127
2704,0.398
2705,0.127
2706,0.127
2707,0.127
2708,0.127
2709,0.127
2710,0.127
2711,0.127
2712,0.127
2713,0.127
2714,0.127
2715,0.127
2716,0.127
2717,0.127
2718,0.127
2719,0.127
2720,0.127
2721,0.127
2722,0.127
2723,0.127
2724,0.127
2725,0.127
2726,0.127
2727,0.127
2728,0.127
2729,0.127
2730,0.127
2731,0.127
2732,0.127
2733,0.127
2734,0.127
2735,0.127
2736,0.127
2737,0.127
2738,0.127
2739,0.127
2740,0.127
2741,0.127
2742,0.127
2743,0.127
2744,0.127
2745,0.127
2746,0.127
2747,0.127
2748,0.127
2749,0.127
2750,0.127
2751,0.127
2752,0.127
2753,0.127
2754,0.127
2755,0.127
2756,0.127
2757,0.127
2758,0.127
2759,0.127
2760,0.127
2761,0.127
2762,0.127
2763,0.127
2764,0.127
2765,0.127
2766,0.127
2767,0.127
2768,0.127
2769,0.127
2770,0.127
2771,0.127
2772,0.127
2773,0.127
2774,0.127
2775,0.127
2776,0.127
2777,0.127
2778,0.127
2779,0.127
2780,0.127
2781,0.127
2782,0.127
2783,0.127
2784,0.127
2785,0.127
2786,0.127
2787,0.127
2788,0.127
2789,0.127
2790,0.127
2791,0.127
2792,0.127
2793,0.127
2794,0.127
2795,0.127
2796,0.127
2797,0.127
2798,0.127
2799,0.127
2800,0.127
2801,0.127
2802,0.127
2803,0.127
2804,0.127
2805,0.127
2806,0.127
2807,0.127
2808,0.127
2809,0.127
2810,0.127
2811,0.127
2812,0.127
2813,0.127
2814,0.127
2815,0.127
2816,0.224
2817,0.127
2818,0.127
2819,0.127
2820,0.127
2821,0.127
2822,0.127
2823,0.127
2824,0.127
2825,0.127
2826,0.127
2827,0.127
2828,0.127
2829,0.127
2830,0.127
2831,0.127
2832,0.127
2833,0.127
2834,0.127
2835,0.127
2836,0.127
2837,0.127
2838,0.127
2839,0.127
2840,0.127
2841,0.127
2842,0.127
2843,0.127
2844,0.127
2845,0.127
2846,0.127
2847,0.127
2848,0.127
2849,0.127
2850,0.127
2851,0.127
2852,0.127
2853,0.127
2854,0.127
2855,0.127
2856,0.127
2857,0.127
2858,0.127
2859,0.127
2860,0.127
2861,0.199
2862,0.127
2863,0.127
2864,0.127
2865,0.127
2866,0.127
2867,0.127
2868,0.127
2869,0.127
2870,0.127
2871,0.127
2872,0.127
2873,0.127
2874,0.127
2875,0.127
2876,0.127
2877,0.127
2878,0.127
2879,0.127
2880,0.127
2881,0.127
2882,0.127
2883,0.127
2884,0.127
2885,0.127
2886,0.127
2887,0.127
2888,0.127
2889,0.127
2890,0.127
2891,0.127
2892,0.127
2893,0.127
2894,0.127
2895,0.127
2896,0.127
2897,0.127
2898,0.127
2899,0.127
2900,0.127
2901,0.127
2902,0.127
2903,0.127
2904,0.127
2905,0.127
2906,0.127
2907,0.127
2908,0.127
2909,0.127
2910,0.127
2911,0.127
2912,0.127
2913,0.127
2914,0.127
2915,0.127
2916,0.127
2917,0.127
2918,0.127
2919,0.127
2920,0.127
2921,0.127
2922,0.127
2923,0.127
2924,0.127
2925,0.127
2926,0.127
2927,0.127
2928,0.127
2929,0.127
2930,0.127
2931,0.315
2932,0.127
2933,0.127
2934,0.127
2935,0.127
2936,0.127
2937,0.127
2938,0.127
2939,0.127
2940,0.127
2941,0.127
2942,0.127
2943,0.127
2944,0.127
2945,0.127
2946,0.127
2947,0.127
2948,0.127
2949,0.127
2950,0.127
2951,0.127
2952,0.127
2953,0.127
2954,0.127
2955,0.127
2956,0.127
2957,0.127
2958,0.127
2959,0.127
2960,0.127
2961,0.127
2962,0.127
2963,0.127
2964,0.127
2965,0.127
2966,0.127
2967,0.127
2968,0.127
2969,0.127
2970,0.127
2971,0.127
2972,0.127
2973,0.127
2974,0.127
2975,0.127
2976,0.127
2977,0.127
2978,0.127
2979,0.127
2980,0.127
2981,0.127
2982,0.127
2983,0.127
2984,0.127
2985,0.127
2986,0.127
2987,0.127
2988,0.127
2989,0.127
2990,0.127
2991,0.127
2992,0.127
2993,0.127
2994,0.127
2995,0.127
2996,0.127
2997,0.127
2998,0.127
2999,0.127
3000,0.127
3001,0.127
3002,0.127
3003,0.127
3004,0.127
3005,0.127
3006,0.127
3007,0.127
3008,0.127
3009,0.127
3010,0.127
3011,0.127
3012,0.127
3013,0.127
3014,0.127
3015,0.127
3016,0.127
3017,0.127
3018,0.127
3019,0.127
3020,0.127
3021,0.127
3022,0.127
3023,0.127
3024,0.127
3025,0.127
3026,0.127
3027,0.127
3028,0.127
3029,0.127
3030,0.127
3031,0.127
3032,0.127
3033,0.13
3034,0.127
3035,0.127
3036,0.127
3037,0.127
3038,0.127
3039,0.127
3040,0.127
3041,0.127
3042,0.127
3043,0.127
3044,0.127
3045,0.127
3046,0.127
3047,0.127
3048,0.127
3049,0.127
3050,0.127
3051,0.127
3052,0.127
3053,0.127
3054,0.127
3055,0.127
3056,0.127
3057,0.127
3058,0.127
3059,0.127
3060,0.127
3061,0.127
3062,0.127
3063,0.127
3064,0.127
3065,0.127
3066,0.127
3067,0.127
3068,0.127
3069,0.127
3070,0.127
3071,0.127
3072,0.127
3073,0.127
3074,0.127
3075,0.127
3076,0.127
3077,0.127
3078,0.127
3079,0.127
3080,0.127
3081,0.127
3082,0.127
3083,0.127
3084,0.127
3085,0.127
3086,0.127
3087,0.127
3088,0.127
3089,0.127
3090,0.127
3091,0.127
3092,0.127
3093,0.127
3094,0.127
3095,0.127
3096,0.127
3097,0.127
3098,0.127
3099,0.127
3100,0.127
3101,0.127
3102,0.127
3103,0.127
3104,0.127
3105,0.127
3106,0.127
3107,0.127
3108,0.127
3109,0.127
3110,0.127
3111,0.127
3112,0.127
3113,0.127
3114,0.127
3115,0.201
3116,0.127
3117,0.127
3118,0.127
3119,0.127
3120,0.127
3121,0.127
3122,0.127
3123,0.127
3124,0.127
3125,0.127
3126,0.127
3127,0.127
3128,0.127
3129,0.127
3130,0.127
3131,0.127
3132,0.127
3133,0.127
3134,0.127
3135,0.127
3136,0.127
3137,0.127
3138,0.127
3139,0.127
3140,0.127
3141,0.127
3142,0.127
3143,0.127
3144,0.127
3145,0.127
3146,0.127
3147,0.127
3148,0.127
3149,0.127
3150,0.127
3151,0.127
3152,0.127
3153,0.127
3154,0.127
3155,0.127
3156,0.127
3157,0.127
3158,0.127
3159,0.127
3160,0.127
3161,0.127
3162,0.127
3163,0.127
3164,0.127
3165,0.127
3166,0.127
3167,0.127
3168,0.127
3169,0.127
3170,0.127
3171,0.127
3172,0.127
3173,0.127
3174,0.127
3175,0.127
3176,0.127
3177,0.127
3178,0.127
3179,0.127
3180,0.127
3181,0.127
3182,0.145
3183,0.304
3184,0.127
3185,0.127
3186,0.127
3187,0.127
3188,0.127
3189,0.127
3190,0.127
3191,0.127
3192,0.127
3193,0.127
3194,0.127
3195,0.127
3196,0.127
3197,0.127
3198,0.127
3199,0.127
3200,0.127
3201,0.127
3202,0.127
3203,0.127
3204,0.127
3205,0.127
3206,0.176
3207,0.127
3208,0.127
3209,0.127
3210,0.127
3211,0.127
3212,0.127
3213,0.127
3214,0.127
3215,0.127
3216,0.127
3217,0.127
3218,0.127
3219,0.127
3220,0.127
3221,0.127
3222,0.127
3223,0.171
3224,0.127
3225,0.127
3226,0.127
3227,0.127
3228,0.127
3229,0.127
3230,0.127
3231,0.127
3232,0.127
3233,0.127
3234,0.127
3235,0.127
3236,0.127
3237,0.127
3238,0.127
3239,0.127
3240,0.127
3241,0.127
3242,0.127
3243,0.127
3244,0.127
3245,0.127
3246,0.127
3247,0.127
3248,0.127
3249,0.127
3250,0.127
3251,0.127
3252,0.127
3253,0.127
3254,0.127
3255,0.127
3256,0.127
3257,0.127
3258,0.127
3259,0.127
3260,0.127
3261,0.127
3262,0.127
3263,0.127
3264,0.127
3265,0.127
3266,0.127
3267,0.127
3268,0.127
3269,0.127
3270,0.127
3271,0.127
3272,0.127
3273,0.127
3274,0.127
3275,0.127
3276,0.127
3277,0.127
3278,0.127
3279,0.127
3280,0.127
3281,0.127
3282,0.127
3283,0.127
3284,0.149
3285,0.127
3286,0.127
3287,0.127
3288,0.127
3289,0.127
3290,0.127
3291,0.127
3292,0.127
3293,0.127
3294,0.127
3295,0.127
3296,0.127
3297,0.127
3298,0.127
3299,0.127
3300,0.127
3301,0.127
3302,0.127
3303,0.151
3304,0.127
3305,0.127
3306,0.127
3307,0.127
3308,0.127
3309,0.127
3310,0.127
3311,0.127
3312,0.127
3313,0.127
3314,0.127
3315,0.127
3316,0.127
3317,0.127
3318,0.127
3319,0.127
3320,0.127
3321,0.127
3322,0.127
3323,0.127
3324,0.127
3325,0.127
3326,0.127
3327,0.127
3328,0.127
3329,0.127
3330,0.127
3331,0.127
3332,0.127
3333,0.127
3334,0.127
3335,0.127
3336,0.127
3337,0.127
3338,0.127
3339,0.127
3340,0.127
3341,0.127
3342,0.127
3343,0.127
3344,0.127
3345,0.127
3346,0.127
3347,0.127
3348,0.127
3349,0.127
3350,0.127
3351,0.127
3352,0.127
3353,0.127
3354,0.127
3355,0.127
3356,0.127
3357,0.127
3358,0.127
3359,0.127
3360,0.127
3361,0.127
3362,0.127
3363,0.127
3364,0.127
3365,0.127
3366,0.127
3367,0.127
3368,0.127
3369,0.127
3370,0.127
3371,0.127
3372,0.127
3373,0.127
3374,0.127
3375,0.127
3376,0.127
3377,0.127
3378,0.127
3379,0.127
3380,0.127
3381,0.127
3382,0.127
3383,0.127
3384,0.127
3385,0.127
3386,0.127
3387,0.127
3388,0.127
3389,0.127
3390,0.127
3391,0.127
3392,0.127
3393,0.127
3394,0.127
3395,0.127
3396,0.127
3397,0.127
3398,0.127
3399,0.127
3400,0.127
3401,0.127
3402,0.127
3403,0.127
3404,0.127
3405,0.127
3406,0.127
3407,0.127
3408,0.127
3409,0.127
3410,0.127
3411,0.127
3412,0.127
3413,0.127
3414,0.127
3415,0.127
3416,0.127
3417,0.127
3418,0.127
3419,0.127
3420,0.127
3421,0.127
3422,0.127
3423,0.136
3424,0.127
3425,0.127
3426,0.127
3427,0.127
3428,0.127
3429,0.127
3430,0.304
3431,0.127
3432,0.127
3433,0.127
3434,0.127
3435,0.127
3436,0.127
3437,0.127
3438,0.127
3439,0.127
3440,0.127
3441,0.127
3442,0.127
3443,0.127
3444,0.127
3445,0.127
3446,0.127
3447,0.127
3448,0.127
3449,0.127
3450,0.127
3451,0.127
3452,0.127
3453,0.127
3454,0.127
3455,0.127
3456,0.127
3457,0.127
3458,0.127
3459,0.127
3460,0.127
3461,0.164
3462,0.127
3463,0.127
3464,0.127
3465,0.132
3466,0.127
3467,0.127
3468,0.127
3469,0.127
3470,0.127
3471,0.127
3472,0.127
3473,0.127
3474,0.127
3475,0.127
3476,0.127
3477,0.127
3478,0.127
3479,0.161
3480,0.127
3481,0.127
3482,0.127
3483,0.127
3484,0.127
3485,0.127
3486,0.127
3487,0.127
3488,0.127
3489,0.127
3490,0.127
3491,0.127
3492,0.127
3493,0.127
3494,0.127
3495,0.127
3496,0.127
3497,0.127
3498,0.127
3499,0.127
3500,0.127
3501,0.127
3502,0.127
3503,0.127
3504,0.127
3505,0.127
3506,0.127
3507,0.127
3508,0.127
3509,0.127
3510,0.127
3511,0.127
3512,0.127
3513,0.127
3514,0.127
3515,0.127
3516,0.127
3517,0.127
3518,0.127
3519,0.127
3520,0.127
3521,0.127
3522,0.127
3523,0.127
3524,0.127
3525,0.127
3526,0.127
3527,0.127
3528,0.127
3529,0.127
3530,0.127
3531,0.127
3532,0.127
3533,0.127
3534,0.127
3535,0.127
3536,0.127
3537,0.127
3538,0.127
3539,0.127
3540,0.127
3541,0.127
3542,0.127
3543,0.127
3544,0.127
3545,0.127
3546,0.127
3547,0.127
3548,0.127
3549,0.127
3550,0.127
3551,0.127
3552,0.127
3553,0.127
3554,0.127
3555,0.127
3556,0.127
3557,0.127
3558,0.127
3559,0.127
3560,0.127
3561,0.127
3562,0.127
3563,0.127
3564,0.127
3565,0.127
3566,0.127
3567,0.127
3568,0.127
3569,0.127
3570,0.127
3571,0.127
3572,0.127
3573,0.127
3574,0.127
3575,0.127
3576,0.127
3577,0.127
3578,0.127
3579,0.127
3580,0.127
3581,0.127
3582,0.127
3583,0.127
3584,0.127
3585,0.127
3586,0.127
3587,0.127
3588,0.127
3589,0.127
3590,0.127
3591,0.127
3592,0.127
3593,0.127
3594,0.127
3595,0.127
3596,0.127
3597,0.127
3598,0.127
3599,0.127
3600,0.127
3601,0.127
3602,0.127
3603,0.127
3604,0.127
3605,0.127
3606,0.127
3607,0.127
3608,0.127
3609,0.127
3610,0.127
3611,0.127
3612,0.127
3613,0.127
3614,0.127
3615,0.127
3616,0.127
3617,0.127
3618,0.127
3619,0.127
3620,0.127
3621,0.127
3622,0.127
3623,0.127
3624,0.127
3625,0.127
3626,0.127
3627,0.127
3628,0.127
3629,0.127
3630,0.127
3631,0.127
3632,0.127
3633,0.127
3634,0.127
3635,0.127
3636,0.127
3637,0.127
3638,0.127
3639,0.127
3640,0.136
3641,0.171
3642,0.127
3643,0.127
3644,0.127
3645,0.127
3646,0.127
3647,0.127
3648,0.127
3649,0.127
3650,0.127
3651,0.127
3652,0.127
3653,0.127
3654,0.127
3655,0.127
3656,0.127
3657,0.127
3658,0.127
3659,0.127
3660,0.127
3661,0.127
3662,0.127
3663,0.127
3664,0.127
3665,0.127
3666,0.127
3667,0.127
3668,0.127
3669,0.127
3670,0.127
3671,0.127
3672,0.127
3673,0.127
3674,0.127
3675,0.127
3676,0.127
3677,0.127
3678,0.127
3679,0.127
3680,0.127
3681,0.127
3682,0.127
3683,0.127
3684,0.127
3685,0.127
3686,0.127
3687,0.127
3688,0.127
3689,0.127
3690,0.127
3691,0.127
3692,0.127
3693,0.127
3694,0.127
3695,0.127
3696,0.127
3697,0.127
3698,0.127
3699,0.127
3700,0.127
3701,0.127
3702,0.127
3703,0.127
3704,0.127
3705,0.127
3706,0.127
3707,0.127
3708,0.127
3709,0.127
3710,0.127
3711,0.127
3712,0.127
3713,0.127
3714,0.127
3715,0.127
3716,0.127
3717,0.127
3718,0.127
3719,0.127
3720,0.127
3721,0.127
3722,0.127
3723,0.127
3724,0.127
3725,0.127
3726,0.127
3727,0.127
3728,0.127
3729,0.127
3730,0.127
3731,0.127
3732,0.127
3733,0.127
3734,0.127
3735,0.127
3736,0.127
3737,0.127
3738,0.127
3739,0.127
3740,0.127
3741,0.127
3742,0.127
3743,0.127
3744,0.158
3745,0.127
3746,0.127
3747,0.127
3748,0.127
3749,0.127
3750,0.127
3751,0.127
3752,0.127
3753,0.127
3754,0.127
3755,0.127
3756,0.127
3757,0.127
3758,0.127
3759,0.127
3760,0.127
3761,0.127
3762,0.127
3763,0.127
3764,0.127
3765,0.127
3766,0.127
3767,0.127
3768,0.127
3769,0.127
3770,0.127
3771,0.127
3772,0.127
3773,0.127
3774,0.127
3775,0.127
3776,0.138
3777,0.127
3778,0.127
3779,0.127
3780,0.127
3781,0.127
3782,0.127
3783,0.127
3784,0.127
3785,0.127
3786,0.127
3787,0.127
3788,0.127
3789,0.127
3790,0.127
3791,0.127
3792,0.127
3793,0.127
3794,0.127
3795,0.127
3796,0.127
3797,0.127
3798,0.127
3799,0.127
3800,0.127
3801,0.127
3802,0.127
3803,0.127
3804,0.127
3805,0.127
3806,0.127
3807,0.127
3808,0.127
3809,0.127
3810,0.127
3811,0.127
3812,0.127
3813,0.127
3814,0.127
3815,0.127
3816,0.127
3817,0.127
3818,0.127
3819,0.127
3820,0.127
3821,0.127
3822,0.127
3823,0.127
3824,0.127
3825,0.127
3826,0.127
3827,0.127
3828,0.127
3829,0.127
3830,0.127
3831,0.127
3832,0.127
3833,0.127
3834,0.127
3835,0.127
3836,0.127
3837,0.127
3838,0.127
3839,0.127
3840,0.127
3841,0.127
3842,0.127
3843,0.127
3844,0.127
3845,0.127
3846,0.127
3847,0.127
3848,0.127
3849,0.127
3850,0.127
3851,0.127
3852,0.127
3853,0.127
3854,0.127
3855,0.127
3856,0.127
3857,0.127
3858,0.127
3859,0.127
3860,0.127
3861,0.127
3862,0.127
3863,0.127
3864,0.127
3865,0.127
3866,0.127
3867,0.127
3868,0.127
3869,0.127
3870,0.127
3871,0.127
3872,0.127
3873,0.127
3874,0.127
3875,0.127
3876,0.127
3877,0.127
3878,0.127
3879,0.127
3880,0.127
3881,0.127
3882,0.127
3883,0.127
3884,0.127
3885,0.127
3886,0.127
3887,0.127
3888,0.127
3889,0.127
3890,0.127
3891,0.127
3892,0.127
3893,0.127
3894,0.127
3895,0.127
3896,0.127
3897,0.127
3898,0.127
3899,0.127
3900,0.127
3901,0.127
3902,0.127
3903,0.127
3904,0.127
3905,0.127
3906,0.127
3907,0.127
3908,0.127
3909,0.127
3910,0.127
3911,0.127
3912,0.127
3913,0.127
3914,0.127
3915,0.127
3916,0.127
3917,0.127
3918,0.127
3919,0.127
3920,0.127
3921,0.127
3922,0.127
3923,0.127
3924,0.127
3925,0.145
3926,0.127
3927,0.127
3928,0.127
3929,0.127
3930,0.127
3931,0.127
3932,0.127
3933,0.127
3934,0.127
3935,0.127
3936,0.127
3937,0.127
3938,0.127
3939,0.127
3940,0.127
3941,0.127
3942,0.127
3943,0.127
3944,0.127
3945,0.127
3946,0.127
3947,0.127
3948,0.127
3949,0.127
3950,0.127
3951,0.127
3952,0.127
3953,0.127
3954,0.127
3955,0.127
3956,0.127
3957,0.127
3958,0.127
3959,0.127
3960,0.127
3961,0.127
3962,0.127
3963,0.127
3964,0.127
3965,0.127
3966,0.127
3967,0.127
3968,0.127
3969,0.127
3970,0.127
3971,0.127
3972,0.127
3973,0.127
3974,0.127
3975,0.127
3976,0.127
3977,0.127
3978,0.127
3979,0.127
3980,0.127
3981,0.127
3982,0.127
3983,0.127
3984,0.127
3985,0.127
3986,0.127
3987,0.127
3988,0.127
3989,0.127
3990,0.127
3991,0.127
3992,0.127
3993,0.127
3994,0.127
3995,0.127
3996,0.127
3997,0.127
3998,0.127
3999,0.127
4000,0.127
4001,0.127
4002,0.127
4003,0.127
4004,0.127
4005,0.127
4006,0.127
4007,0.127
4008,0.127
4009,0.127
4010,0.127
4011,0.127
4012,0.127
4013,0.127
4014,0.127
4015,0.127
4016,0.144
4017,0.127
4018,0.127
4019,0.127
4020,0.127
4021,0.127
4022,0.127
4023,0.127
4024,0.127
4025,0.127
4026,0.127
4027,0.127
4028,0.127
4029,0.127
4030,0.127
4031,0.14
4032,0.127
4033,0.127
4034,0.127
4035,0.127
4036,0.127
4037,0.127
4038,0.127
4039,0.127
4040,0.127
4041,0.127
4042,0.127
4043,0.127
4044,0.127
4045,0.127
4046,0.127
4047,0.127
4048,0.127
4049,0.127
4050,0.127
4051,0.127
4052,0.127
4053,0.127
4054,0.127
4055,0.127
4056,0.127
4057,0.127
4058,0.127
4059,0.127
4060,0.127
4061,0.127
4062,0.127
4063,0.127
4064,0.127
4065,0.127
4066,0.127
4067,0.127
4068,0.127
4069,0.127
4070,0.127
4071,0.127
4072,0.127
4073,0.127
4074,0.127
4075,0.127
4076,0.127
4077,0.127
4078,0.127
4079,0.127
4080,0.127
4081,0.127
4082,0.127
4083,0.127
4084,0.127
4085,0.127
4086,0.127
4087,0.127
4088,0.127
4089,0.127
4090,0.127
4091,0.127
4092,0.127
4093,0.127
4094,0.127
4095,0.127
4096,0.127
4097,0.127
4098,0.127
4099,0.127
4100,0.127
4101,0.127
4102,0.127
4103,0.127
4104,0.127
4105,0.127
4106,0.201
4107,0.127
4108,0.127
4109,0.127
4110,0.127
4111,0.127
4112,0.127
4113,0.127
4114,0.127
4115,0.127
4116,0.127
4117,0.127
4118,0.127
4119,0.127
4120,0.127
4121,0.127
4122,0.127
4123,0.127
4124,0.127
4125,0.127
4126,0.127
4127,0.127
4128,0.127
4129,0.127
4130,0.127
4131,0.127
4132,0.127
4133,0.127
4134,0.127
4135,0.127
4136,0.127
4137,0.127
4138,0.127
4139,0.127
4140,0.127
4141,0.127
4142,0.127
4143,0.127
4144,0.127
4145,0.127
4146,0.35
4147,0.127
4148,0.127
4149,0.127
4150,0.127
4151,0.127
4152,0.127
4153,0.127
4154,0.127
4155,0.127
4156,0.127
4157,0.127
4158,0.127
4159,0.127
4160,0.127
4161,0.127
4162,0.127
4163,0.127
4164,0.127
4165,0.127
4166,0.127
4167,0.127
4168,0.127
4169,0.127
4170,0.127
4171,0.127
4172,0.127
4173,0.127
4174,0.127
4175,0.127
4176,0.146
4177,0.127
4178,0.127
4179,0.127
4180,0.127
4181,0.127
4182,0.127
4183,0.127
4184,0.127
4185,0.127
4186,0.127
4187,0.127
4188,0.127
4189,0.127
4190,0.127
4191,0.127
4192,0.127
4193,0.201
4194,0.127
4195,0.127
4196,0.127
4197,0.127
4198,0.127
4199,0.127
4200,0.127
4201,0.127
4202,0.127
4203,0.127
4204,0.127
4205,0.127
4206,0.127
4207,0.127
4208,0.127
4209,0.127
4210,0.127
4211,0.127
4212,0.127
4213,0.127
4214,0.127
4215,0.127
4216,0.127
4217,0.127
4218,0.127
4219,0.127
4220,0.127
4221,0.127
4222,0.127
4223,0.127
4224,0.127
4225,0.127
4226,0.127
4227,0.127
4228,0.127
4229,0.127
4230,0.127
4231,0.127
4232,0.127
4233,0.127
4234,0.127
4235,0.127
4236,0.127
4237,0.127
4238,0.127
4239,0.127
4240,0.127
4241,0.127
4242,0.127
4243,0.127
4244,0.127
4245,0.127
4246,0.127
4247,0.127
4248,0.127
4249,0.127
4250,0.127
4251,0.127
4252,0.127
4253,0.127
4254,0.127
4255,0.127
4256,0.127
4257,0.127
4258,0.127
4259,0.127
4260,0.127
4261,0.127
4262,0.127
4263,0.127
4264,0.127
4265,0.127
4266,0.158
4267,0.127
4268,0.127
4269,0.127
4270,0.127
4271,0.127
4272,0.127
4273,0.127
4274,0.127
4275,0.127
4276,0.127
4277,0.127
4278,0.127
4279,0.127
4280,0.127
4281,0.127
4282,0.127
4283,0.127
4284,0.127
4285,0.127
4286,0.127
4287,0.127
4288,0.127
4289,0.147
4290,0.127
4291,0.127
4292,0.127
4293,0.127
4294,0.127
4295,0.127
4296,0.127
4297,0.127
4298,0.127
4299,0.127
4300,0.127
4301,0.127
4302,0.127
4303,0.127
4304,0.127
4305,0.127
4306,0.127
4307,0.127
4308,0.127
4309,0.127
4310,0.127
4311,0.127
4312,0.127
4313,0.127
4314,0.127
4315,0.127
4316,0.127
4317,0.127
4318,0.127
4319,0.127
4320,0.127
4321,0.127
4322,0.127
4323,0.127
4324,0.127
4325,0.127
4326,0.127
4327,0.127
4328,0.127
4329,0.127
4330,0.127
4331,0.127
4332,0.127
4333,0.127
4334,0.127
4335,0.127
4336,0.127
4337,0.127
4338,0.127
4339,0.127
4340,0.127
4341,0.127
4342,0.127
4343,0.127
4344,0.127
4345,0.127
4346,0.127
4347,0.127
4348,0.127
4349,0.127
4350,0.127
4351,0.127
4352,0.127
4353,0.127
4354,0.127
4355,0.127
4356,0.127
4357,0.127
4358,0.127
4359,0.127
4360,0.127
4361,0.127
4362,0.127
4363,0.127
4364,0.127
4365,0.127
4366,0.127
4367,0.127
4368,0.127
4369,0.127
4370,0.127
4371,0.127
4372,0.127
4373,0.127
4374,0.127
4375,0.127
4376,0.127
4377,0.127
4378,0.127
4379,0.127
4380,0.127
4381,0.127
4382,0.127
4383,0.127
4384,0.127
4385,0.127
4386,0.175
4387,0.127
4388,0.127
4389,0.127
4390,0.127
4391,0.157
4392,0.127
4393,0.192
4394,0.127
4395,0.127
4396,0.127
4397,0.127
4398,0.127
4399,0.127
4400,0.127
4401,0.127
4402,0.127
4403,0.127
4404,0.127
4405,0.127
4406,0.127
4407,0.127
4408,0.127
4409,0.127
4410,0.127
4411,0.127
4412,0.127
4413,0.127
4414,0.127
4415,0.127
4416,0.127
4417,0.127
4418,0.127
4419,0.127
4420,0.127
4421,0.127
4422,0.127
4423,0.127
4424,0.127
4425,0.127
4426,0.127
4427,0.127
4428,0.127
4429,0.127
4430,0.127
4431,0.127
4432,0.127
4433,0.127
4434,0.127
4435,0.127
4436,0.127
4437,0.127
4438,0.127
4439,0.127
4440,0.127
4441,0.127
4442,0.127
4443,0.127
4444,0.127
4445,0.127
4446,0.127
4447,0.127
4448,0.127
4449,0.127
4450,0.127
4451,0.127
4452,0.127
4453,0.127
4454,0.127
4455,0.127
4456,0.127
4457,0.127
4458,0.127
4459,0.127
4460,0.127
4461,0.127
4462,0.127
4463,0.127
4464,0.127
4465,0.127
4466,0.127
4467,0.127
4468,0.127
4469,0.127
4470,0.127
4471,0.127
4472,0.127
4473,0.127
4474,0.127
4475,0.127
4476,0.127
4477,0.127
4478,0.127
4479,0.127
4480,0.127
4481,0.127
4482,0.127
4483,0.127
4484,0.127
4485,0.127
4486,0.127
4487,0.127
4488,0.127
4489,0.127
4490,0.127
4491,0.127
4492,0.127
4493,0.127
4494,0.127
4495,0.127
4496,0.186
4497,0.127
4498,0.127
4499,0.127
4500,0.127
4501,0.127
4502,0.127
4503,0.127
4504,0.127
4505,0.127
4506,0.127
4507,0.127
4508,0.127
4509,0.127
4510,0.127
4511,0.127
4512,0.127
4513,0.127
4514,0.127
4515,0.127
4516,0.127
4517,0.127
4518,0.127
4519,0.127
4520,0.127
4521,0.127
4522,0.127
4523,0.127
4524,0.127
4525,0.149
4526,0.127
4527,0.127
4528,0.127
4529,0.127
4530,0.127
4531,0.127
4532,0.127
4533,0.127
4534,0.127
4535,0.127
4536,0.127
4537,0.127
4538,0.127
4539,0.127
4540,0.127
4541,0.127
4542,0.127
4543,0.127
4544,0.127
4545,0.127
4546,0.127
4547,0.127
4548,0.127
4549,0.127
4550,0.127
4551,0.127
4552,0.127
4553,0.127
4554,0.127
4555,0.127
4556,0.127
4557,0.127
4558,0.127
4559,0.127
4560,0.127
4561,0.127
4562,0.127
4563,0.127
4564,0.127
4565,0.127
4566,0.127
4567,0.127
4568,0.127
4569,0.127
4570,0.127
4571,0.127
4572,0.127
4573,0.127
4574,0.127
4575,0.127
4576,0.127
4577,0.127
4578,0.127
4579,0.127
4580,0.127
4581,0.127
4582,0.127
4583,0.127
4584,0.127
4585,0.127
4586,0.127
4587,0.127
4588,0.127
4589,0.127
4590,0.127
4591,0.127
4592,0.127
4593,0.127
4594,0.127
4595,0.127
4596,0.127
4597,0.127
4598,0.127
4599,0.127
4600,0.127
4601,0.127
4602,0.127
4603,0.127
4604,0.127
4605,0.127
4606,0.127
4607,0.127
4608,0.127
4609,0.127
4610,0.127
4611,0.127
4612,0.127
4613,0.127
4614,0.127
4615,0.127
4616,0.127
4617,0.127
4618,0.127
4619,0.127
4620,0.127
4621,0.127
4622,0.127
4623,0.127
4624,0.127
4625,0.127
4626,0.127
4627,0.127
4628,0.127
4629,0.127
4630,0.127
4631,0.127
4632,0.127
4633,0.127
4634,0.127
4635,0.127
4636,0.127
4637,0.127
4638,0.127
4639,0.127
4640,0.127
4641,0.127
4642,0.127
4643,0.127
4644,0.127
4645,0.127
4646,0.127
4647,0.127
4648,0.127
4649,0.127
4650,0.127
4651,0.127
4652,0.127
4653,0.127
4654,0.127
4655,0.127
4656,0.127
4657,0.127
4658,0.127
4659,0.127
4660,0.127
4661,0.127
4662,0.127
4663,0.127
4664,0.127
4665,0.127
4666,0.127
4667,0.127
4668,0.127
4669,0.127
4670,0.127
4671,0.127
4672,0.127
4673,0.127
4674,0.127
4675,0.127
4676,0.127
4677,0.127
4678,0.127
4679,0.127
4680,0.127
4681,0.127
4682,0.127
4683,0.127
4684,0.127
4685,0.127
4686,0.127
4687,0.127
4688,0.127
4689,0.127
4690,0.127
4691,0.127
4692,0.127
4693,0.127
4694,0.127
4695,0.127
4696,0.127
4697,0.127
4698,0.127
4699,0.127
4700,0.131
4701,0.127
4702,0.127
4703,0.127
4704,0.127
4705,0.127
4706,0.127
4707,0.127
4708,0.127
4709,0.127
4710,0.127
4711,0.127
4712,0.127
4713,0.127
4714,0.127
4715,0.127
4716,0.127
4717,0.127
4718,0.127
4719,0.127
4720,0.127
4721,0.127
4722,0.135
4723,0.127
4724,0.127
4725,0.127
4726,0.127
4727,0.127
4728,0.127
4729,0.127
4730,0.127
4731,0.127
4732,0.127
4733,0.127
4734,0.127
4735,0.127
4736,0.127
4737,0.127
4738,0.127
4739,0.127
4740,0.127
4741,0.127
4742,0.127
4743,0.127
4744,0.127
4745,0.127
4746,0.127
4747,0.127
4748,0.127
4749,0.127
4750,0.127
4751,0.127
4752,0.127
4753,0.127
4754,0.127
4755,0.127
4756,0.127
4757,0.127
4758,0.127
4759,0.127
4760,0.127
4761,0.127
4762,0.127
4763,0.127
4764,0.127
4765,0.127
4766,0.127
4767,0.127
4768,0.324
4769,0.127
4770,0.127
4771,0.127
4772,0.127
4773,0.127
4774,0.127
4775,0.127
4776,0.127
4777,0.127
4778,0.127
4779,0.127
4780,0.127
4781,0.127
4782,0.127
4783,0.127
4784,0.127
4785,0.127
4786,0.127
4787,0.127
4788,0.127
4789,0.127
4790,0.127
4791,0.127
4792,0.127
4793,0.127
4794,0.127
4795,0.127
4796,0.127
4797,0.127
4798,0.127
4799,0.127
4800,0.127
4801,0.127
4802,0.127
4803,0.127
4804,0.127
4805,0.127
4806,0.127
4807,0.127
4808,0.127
4809,0.127
4810,0.127
4811,0.127
4812,0.127
4813,0.127
4814,0.127
4815,0.127
4816,0.127
4817,0.127
4818,0.127
4819,0.127
4820,0.127
4821,0.127
4822,0.127
4823,0.127
4824,0.127
4825,0.127
4826,0.127
4827,0.127
4828,0.127
4829,0.127
4830,0.127
4831,0.127
4832,0.127
4833,0.127
4834,0.16
4835,0.127
4836,0.127
4837,0.127
4838,0.127
4839,0.127
4840,0.127
4841,0.127
4842,0.127
4843,0.127
4844,0.127
4845,0.127
4846,0.127
4847,0.127
4848,0.127
4849,0.127
4850,0.127
4851,0.127
4852,0.127
4853,0.127
4854,0.127
4855,0.127
4856,0.127
4857,0.127
4858,0.127
4859,0.127
4860,0.127
4861,0.127
4862,0.128
4863,0.189
4864,0.127
4865,0.127
4866,0.127
4867,0.127
4868,0.127
4869,0.127
4870,0.127
4871,0.127
4872,0.127
4873,0.127
4874,0.127
4875,0.127
4876,0.127
4877,0.127
4878,0.127
4879,0.127
4880,0.127
4881,0.127
4882,0.127
4883,0.127
4884,0.127
4885,0.127
4886,0.127
4887,0.127
4888,0.127
4889,0.127
4890,0.127
4891,0.127
4892,0.127
4893,0.127
4894,0.127
4895,0.127
4896,0.127
4897,0.127
4898,0.127
4899,0.127
4900,0.127
4901,0.127
4902,0.127
4903,0.127
4904,0.127
4905,0.127
4906,0.127
4907,0.127
4908,0.127
4909,0.127
4910,0.127
4911,0.127
4912,0.127
4913,0.127
4914,0.127
4915,0.127
4916,0.127
4917,0.127
4918,0.127
4919,0.127
4920,0.127
4921,0.127
4922,0.127
4923,0.127
4924,0.127
4925,0.127
4926,0.127
4927,0.127
4928,0.127
4929,0.127
4930,0.127
4931,0.127
4932,0.127
4933,0.127
4934,0.127
4935,0.127
4936,0.127
4937,0.127
4938,0.127
4939,0.127
4940,0.127
4941,0.127
4942,0.127
4943,0.127
4944,0.127
4945,0.127
4946,0.127
4947,0.127
4948,0.127
4949,0.127
4950,0.127
4951,0.127
4952,0.127
4953,0.127
4954,0.127
4955,0.127
4956,0.127
4957,0.127
4958,0.127
4959,0.127
4960,0.127
4961,0.127
4962,0.127
4963,0.127
4964,0.127
4965,0.127
4966,0.127
4967,0.127
4968,0.127
4969,0.127
4970,0.127
4971,0.127
4972,0.127
4973,0.127
4974,0.127
4975,0.127
4976,0.127
4977,0.127
4978,0.127
4979,0.127
4980,0.127
4981,0.127
4982,0.127
4983,0.127
4984,0.127
4985,0.127
4986,0.127
4987,0.127
4988,0.127
4989,0.127
4990,0.127
4991,0.127
4992,0.127
4993,0.127
4994,0.127
4995,0.127
4996,0.127
4997,0.127
4998,0.127
4999,0.127
5000,0.127
5001,0.127
5002,0.127
5003,0.127
5004,0.127
5005,0.127
5006,0.127
5007,0.127
5008,0.127
5009,0.127
5010,0.127
5011,0.127
5012,0.181
5013,0.127
5014,0.127
5015,0.127
5016,0.127
5017,0.127
5018,0.127
5019,0.127
5020,0.127
5021,0.127
5022,0.127
5023,0.127
5024,0.127
5025,0.127
5026,0.127
5027,0.127
5028,0.127
5029,0.127
5030,0.127
5031,0.127
5032,0.127
5033,0.127
5034,0.127
5035,0.127
5036,0.127
5037,0.127
5038,0.127
5039,0.127
5040,0.127
5041,0.127
5042,0.127
5043,0.127
5044,0.127
5045,0.127
5046,0.127
5047,0.127
5048,0.127
5049,0.127
5050,0.127
5051,0.127
5052,0.127
5053,0.127
5054,0.127
5055,0.127
5056,0.127
5057,0.127
5058,0.127
5059,0.127
5060,0.127
5061,0.127
5062,0.127
5063,0.127
5064,0.127
5065,0.127
5066,0.127
5067,0.127
5068,0.127
5069,0.127
5070,0.127
5071,0.127
5072,0.127
5073,0.127
5074,0.127
5075,0.127
5076,0.127
5077,0.127
5078,0.127
5079,0.127
5080,0.127
5081,0.127
5082,0.127
5083,0.127
5084,0.127
5085,0.127
5086,0.127
5087,0.127
5088,0.127
5089,0.127
5090,0.127
5091,0.127
5092,0.127
5093,0.127
5094,0.127
5095,0.127
5096,0.127
5097,0.127
5098,0.127
5099,0.127
5100,0.127
5101,0.127
5102,0.127
5103,0.127
5104,0.127
5105,0.127
5106,0.127
5107,0.127
5108,0.127
5109,0.127
5110,0.127
5111,0.127
5112,0.127
5113,0.127
5114,0.127
5115,0.127
5116,0.127
5117,0.127
5118,0.127
5119,0.127
5120,0.127
5121,0.127
5122,0.127
5123,0.127
5124,0.127
5125,0.127
5126,0.147
5127,0.127
5128,0.127
5129,0.127
5130,0.127
5131,0.127
5132,0.127
5133,0.127
5134,0.127
5135,0.127
5136,0.127
5137,0.127
5138,0.127
5139,0.127
5140,0.127
5141,0.127
5142,0.127
5143,0.127
5144,0.127
5145,0.127
5146,0.127
5147,0.127
5148,0.127
5149,0.127
5150,0.127
5151,0.127
5152,0.127
5153,0.127
5154,0.127
5155,0.127
5156,0.127
5157,0.127
5158,0.127
5159,0.127
5160,0.127
5161,0.127
5162,0.127
5163,0.127
5164,0.127
5165,0.127
5166,0.127
5167,0.127
5168,0.127
5169,0.127
5170,0.127
5171,0.127
5172,0.127
5173,0.127
5174,0.127
5175,0.127
5176,0.127
5177,0.127
5178,0.127
5179,0.127
5180,0.127
5181,0.127
5182,0.127
5183,0.127
5184,0.127
5185,0.127
5186,0.127
5187,0.127
5188,0.127
5189,0.127
5190,0.127
5191,0.127
5192,0.127
5193,0.127
5194,0.127
5195,0.127
5196,0.127
5197,0.127
5198,0.127
5199,0.127
5200,0.127
5201,0.127
5202,0.127
5203,0.127
5204,0.127
5205,0.127
5206,0.127
5207,0.127
5208,0.127
5209,0.127
5210,0.127
5211,0.127
5212,0.127
5213,0.127
5214,0.127
5215,0.127
5216,0.127
5217,0.127
5218,0.127
5219,0.127
5220,0.127
5221,0.148
5222,0.127
5223,0.127
5224,0.127
5225,0.127
5226,0.127
5227,0.127
5228,0.127
5229,0.127
5230,0.127
5231,0.127
5232,0.127
5233,0.127
5234,0.127
5235,0.127
5236,0.127
5237,0.127
5238,0.127
5239,0.127
5240,0.127
5241,0.127
5242,0.127
5243,0.127
5244,0.127
5245,0.127
5246,0.127
5247,0.127
5248,0.127
5249,0.127
5250,0.127
5251,0.127
5252,0.127
5253,0.127
5254,0.127
5255,0.127
5256,0.127
5257,0.127
5258,0.127
5259,0.127
5260,0.127
5261,0.127
5262,0.127
5263,0.127
5264,0.127
5265,0.127
5266,0.166
5267,0.127
5268,0.127
5269,0.127
5270,0.315
5271,0.127
5272,0.127
5273,0.127
5274,0.127
5275,0.127
5276,0.127
5277,0.127
5278,0.127
5279,0.127
5280,0.127
5281,0.127
5282,0.127
5283,0.127
5284,0.127
5285,0.127
5286,0.127
5287,0.127
5288,0.127
5289,0.127
5290,0.127
5291,0.127
5292,0.127
5293,0.127
5294,0.127
5295,0.127
5296,0.127
5297,0.127
5298,0.127
5299,0.127
5300,0.127
5301,0.127
5302,0.127
5303,0.127
5304,0.127
5305,0.127
5306,0.127
5307,0.127
5308,0.127
5309,0.127
5310,0.127
5311,0.127
5312,0.127
5313,0.127
5314,0.127
5315,0.127
5316,0.127
5317,0.127
5318,0.127
5319,0.127
5320,0.127
5321,0.127
5322,0.127
5323,0.127
5324,0.127
5325,0.127
5326,0.127
5327,0.127
5328,0.127
5329,0.127
5330,0.127
5331,0.127
5332,0.127
5333,0.127
5334,0.127
5335,0.127
5336,0.127
5337,0.127
5338,0.127
5339,0.127
5340,0.175
5341,0.127
5342,0.127
5343,0.127
5344,0.127
5345,0.127
5346,0.127
5347,0.127
5348,0.127
5349,0.127
5350,0.127
5351,0.127
5352,0.127
5353,0.127
5354,0.127
5355,0.127
5356,0.127
5357,0.127
5358,0.127
5359,0.127
5360,0.127
5361,0.159
5362,0.127
5363,0.127
5364,0.127
5365,0.127
5366,0.127
5367,0.127
5368,0.127
5369,0.127
5370,0.127
5371,0.127
5372,0.127
5373,0.127
5374,0.127
5375,0.127
5376,0.127
5377,0.127
5378,0.127
5379,0.127
5380,0.127
5381,0.127
5382,0.127
5383,0.127
5384,0.127
5385,0.127
5386,0.127
5387,0.127
5388,0.127
5389,0.127
5390,0.127
5391,0.127
5392,0.127
5393,0.127
5394,0.127
5395,0.127
5396,0.127
5397,0.127
5398,0.127
5399,0.127
5400,0.127
5401,0.127
5402,0.127
5403,0.127
5404,0.127
5405,0.127
5406,0.127
5407,0.127
5408,0.127
5409,0.127
5410,0.127
5411,0.127
5412,0.127
5413,0.127
5414,0.136
5415,0.127
5416,0.127
5417,0.127
5418,0.127
5419,0.127
5420,0.127
5421,0.127
5422,0.127
5423,0.127
5424,0.127
5425,0.127
5426,0.127
5427,0.127
5428,0.127
5429,0.127
5430,0.127
5431,0.127
5432,0.127
5433,0.127
5434,0.127
5435,0.127
5436,0.127
5437,0.127
5438,0.127
5439,0.127
5440,0.127
5441,0.127
5442,0.127
5443,0.127
5444,0.127
5445,0.127
5446,0.127
5447,0.127
5448,0.127
5449,0.127
5450,0.127
5451,0.127
5452,0.127
5453,0.127
5454,0.127
5455,0.127
5456,0.127
5457,0.127
5458,0.127
5459,0.127
5460,0.127
5461,0.136
5462,0.127
5463,0.127
5464,0.127
5465,0.127
5466,0.127
5467,0.127
5468,0.127
5469,0.127
5470,0.127
5471,0.127
5472,0.127
5473,0.127
5474,0.127
5475,0.127
5476,0.127
5477,0.127
5478,0.127
5479,0.127
5480,0.127
5481,0.127
5482,0.127
5483,0.127
5484,0.127
5485,0.127
5486,0.127
5487,0.127
5488,0.127
5489,0.127
5490,0.127
5491,0.127
5492,0.127
5493,0.127
5494,0.127
5495,0.127
5496,0.127
5497,0.127
5498,0.127
5499,0.127
5500,0.127
5501,0.127
5502,0.127
5503,0.127
5504,0.127
5505,0.127
5506,0.127
5507,0.127
5508,0.127
5509,0.127
5510,0.127
5511,0.127
5512,0.127
5513,0.127
5514,0.127
5515,0.127
5516,0.127
5517,0.127
5518,0.127
5519,0.127
5520,0.127
5521,0.127
5522,0.127
5523,0.127
5524,0.127
5525,0.127
5526,0.127
5527,0.127
5528,0.127
5529,0.127
5530,0.127
5531,0.127
5532,0.127
5533,0.127
5534,0.127
5535,0.127
5536,0.154
5537,0.127
5538,0.127
5539,0.127
5540,0.127
5541,0.127
5542,0.127
5543,0.127
5544,0.127
5545,0.127
5546,0.164
5547,0.127
5548,0.127
5549,0.127
5550,0.127
5551,0.152
5552,0.127
5553,0.127
5554,0.127
5555,0.127
5556,0.127
5557,0.127
5558,0.127
5559,0.127
5560,0.127
5561,0.127
5562,0.127
5563,0.127
5564,0.127
5565,0.127
5566,0.127
5567,0.127
5568,0.127
5569,0.127
5570,0.127
5571,0.127
5572,0.127
5573,0.127
5574,0.127
5575,0.127
5576,0.127
5577,0.127
5578,0.127
5579,0.127
5580,0.127
5581,0.127
5582,0.127
5583,0.127
5584,0.127
5585,0.127
5586,0.127
5587,0.127
5588,0.127
5589,0.127
5590,0.127
5591,0.127
5592,0.127
5593,0.127
5594,0.127
5595,0.127
5596,0.127
5597,0.127
5598,0.127
5599,0.127
5600,0.127
5601,0.127
5602,0.127
5603,0.127
5604,0.127
5605,0.127
5606,0.127
5607,0.127
5608,0.127
5609,0.127
5610,0.127
5611,0.127
5612,0.127
5613,0.127
5614,0.127
5615,0.127
5616,0.127
5617,0.127
5618,0.127
5619,0.127
5620,0.127
5621,0.127
5622,0.127
5623,0.127
5624,0.127
5625,0.127
5626,0.127
5627,0.127
5628,0.127
5629,0.127
5630,0.127
5631,0.127
5632,0.127
5633,0.127
5634,0.127
5635,0.127
5636,0.127
5637,0.127
5638,0.127
5639,0.127
5640,0.127
5641,0.127
5642,0.127
5643,0.127
5644,0.127
5645,0.127
5646,0.127
5647,0.127
5648,0.127
5649,0.127
5650,0.127
5651,0.127
5652,0.127
5653,0.127
5654,0.127
5655,0.127
5656,0.127
5657,0.127
5658,0.127
5659,0.127
5660,0.127
5661,0.127
5662,0.127
5663,0.127
5664,0.127
5665,0.127
5666,0.127
5667,0.127
5668,0.127
5669,0.127
5670,0.127
5671,0.127
5672,0.127
5673,0.127
5674,0.127
5675,0.127
5676,0.127
5677,0.127
5678,0.127
5679,0.164
5680,0.127
5681,0.127
5682,0.127
5683,0.127
5684,0.127
5685,0.127
5686,0.127
5687,0.127
5688,0.127
5689,0.127
5690,0.127
5691,0.127
5692,0.127
5693,0.127
5694,0.127
5695,0.127
5696,0.127
5697,0.127
5698,0.127
5699,0.127
5700,0.127
5701,0.127
5702,0.127
5703,0.127
5704,0.127
5705,0.127
5706,0.127
5707,0.127
5708,0.127
5709,0.127
5710,0.127
5711,0.127
5712,0.127
5713,0.127
5714,0.127
5715,0.127
5716,0.127
5717,0.127
5718,0.127
5719,0.127
5720,0.127
5721,0.127
5722,0.127
5723,0.127
5724,0.127
5725,0.127
5726,0.127
5727,0.127
5728,0.127
5729,0.127
5730,0.127
5731,0.127
5732,0.127
5733,0.127
5734,0.127
5735,0.127
5736,0.127
5737,0.127
5738,0.158
5739,0.127
5740,0.127
5741,0.127
5742,0.127
5743,0.127
5744,0.127
5745,0.127
5746,0.127
5747,0.127
5748,0.127
5749,0.127
5750,0.127
5751,0.127
5752,0.127
5753,0.127
5754,0.127
5755,0.127
5756,0.127
5757,0.127
5758,0.127
5759,0.127
5760,0.127
5761,0.127
5762,0.127
5763,0.127
5764,0.127
5765,0.127
5766,0.127
5767,0.127
5768,0.127
5769,0.127
5770,0.127
5771,0.127
5772,0.127
5773,0.127
5774,0.127
5775,0.127
5776,0.127
5777,0.127
5778,0.127
5779,0.127
5780,0.127
5781,0.127
5782,0.127
5783,0.127
5784,0.127
5785,0.127
5786,0.127
5787,0.127
5788,0.127
5789,0.127
5790,0.127
5791,0.127
5792,0.127
5793,0.127
5794,0.127
5795,0.127
5796,0.127
5797,0.127
5798,0.127
5799,0.127
5800,0.127
5801,0.127
5802,0.127
5803,0.127
5804,0.127
5805,0.127
5806,0.127
5807,0.127
5808,0.127
5809,0.127
5810,0.127
5811,0.127
5812,0.127
5813,0.127
5814,0.127
5815,0.127
5816,0.127
5817,0.127
5818,0.127
5819,0.127
5820,0.127
5821,0.127
5822,0.127
5823,0.127
5824,0.127
5825,0.127
5826,0.127
5827,0.127
5828,0.127
5829,0.127
5830,0.127
5831,0.127
5832,0.127
5833,0.127
5834,0.127
5835,0.127
5836,0.127
5837,0.127
5838,0.127
5839,0.127
5840,0.127
5841,0.127
5842,0.127
5843,0.127
5844,0.127
5845,0.127
5846,0.127
5847,0.127
5848,0.127
5849,0.127
5850,0.127
5851,0.127
5852,0.127
5853,0.127
5854,0.127
5855,0.127
5856,0.127
5857,0.127
5858,0.127
5859,0.127
5860,0.127
5861,0.127
5862,0.127
5863,0.127
5864,0.127
5865,0.127
5866,0.127
5867,0.127
5868,0.127
5869,0.127
5870,0.127
5871,0.127
5872,0.127
5873,0.127
5874,0.127
5875,0.127
5876,0.127
5877,0.127
5878,0.127
5879,0.127
5880,0.127
5881,0.127
5882,0.127
5883,0.127
5884,0.127
5885,0.127
5886,0.127
5887,0.127
5888,0.127
5889,0.127
5890,0.127
5891,0.127
5892,0.127
5893,0.127
5894,0.127
5895,0.127
5896,0.127
5897,0.127
5898,0.127
5899,0.127
5900,0.127
5901,0.127
5902,0.127
5903,0.127
5904,0.127
5905,0.127
5906,0.127
5907,0.127
5908,0.127
5909,0.127
5910,0.127
5911,0.127
5912,0.127
5913,0.127
5914,0.127
5915,0.127
5916,0.127
5917,0.127
5918,0.127
5919,0.127
5920,0.127
5921,0.127
5922,0.127
5923,0.127
5924,0.127
5925,0.127
5926,0.127
5927,0.127
5928,0.127
5929,0.127
5930,0.127
5931,0.127
5932,0.127
5933,0.127
5934,0.127
5935,0.127
5936,0.127
5937,0.127
5938,0.127
5939,0.127
5940,0.127
5941,0.127
5942,0.127
5943,0.127
5944,0.127
5945,0.127
5946,0.127
5947,0.127
5948,0.127
5949,0.127
5950,0.127
5951,0.127
5952,0.127
5953,0.127
5954,0.127
5955,0.127
5956,0.127
5957,0.127
5958,0.127
5959,0.127
5960,0.127
5961,0.127
5962,0.127
5963,0.127
5964,0.127
5965,0.127
5966,0.136
5967,0.127
5968,0.127
5969,0.127
5970,0.127
5971,0.127
5972,0.127
5973,0.127
5974,0.127
5975,0.127
5976,0.127
5977,0.127
5978,0.127
5979,0.127
5980,0.127
5981,0.127
5982,0.127
5983,0.127
5984,0.127
5985,0.127
5986,0.127
5987,0.127
5988,0.127
5989,0.127
5990,0.127
5991,0.127
5992,0.127
5993,0.127
5994,0.132
5995,0.127
5996,0.127
5997,0.127
5998,0.127
5999,0.127
6000,0.127
6001,0.127
6002,0.127
6003,0.127
6004,0.127
6005,0.127
6006,0.127
6007,0.127
6008,0.127
6009,0.127
6010,0.127
6011,0.127
6012,0.127
6013,0.127
6014,0.127
6015,0.127
6016,0.127
6017,0.127
6018,0.127
6019,0.127
6020,0.127
6021,0.127
6022,0.127
6023,0.127
6024,0.127
6025,0.127
6026,0.127
6027,0.127
6028,0.127
6029,0.127
6030,0.135
6031,0.127
6032,0.127
6033,0.127
6034,0.127
6035,0.127
6036,0.127
6037,0.127
6038,0.127
6039,0.127
6040,0.127
6041,0.127
6042,0.127
6043,0.226
6044,0.127
6045,0.127
6046,0.127
6047,0.127
6048,0.127
6049,0.127
6050,0.127
6051,0.127
6052,0.127
6053,0.127
6054,0.127
6055,0.186
6056,0.127
6057,0.127
6058,0.127
6059,0.127
6060,0.127
6061,0.127
6062,0.127
6063,0.127
6064,0.127
6065,0.127
6066,0.127
6067,0.127
6068,0.127
6069,0.127
6070,0.127
6071,0.127
6072,0.127
6073,0.127
6074,0.127
6075,0.127
6076,0.127
6077,0.127
6078,0.127
6079,0.127
6080,0.127
6081,0.127
6082,0.127
6083,0.127
6084,0.127
6085,0.127
6086,0.127
6087,0.127
6088,0.127
6089,0.127
6090,0.127
6091,0.127
6092,0.127
6093,0.127
6094,0.127
6095,0.127
6096,0.127
6097,0.127
6098,0.127
6099,0.127
6100,0.127
6101,0.127
6102,0.127
6103,0.127
6104,0.127
6105,0.127
6106,0.127
6107,0.127
6108,0.127
6109,0.127
6110,0.127
6111,0.127
6112,0.127
6113,0.127
6114,0.127
6115,0.127
6116,0.127
6117,0.127
6118,0.127
6119,0.127
6120,0.127
6121,0.127
6122,0.127
6123,0.127
6124,0.127
6125,0.127
6126,0.127
6127,0.127
6128,0.127
6129,0.127
6130,0.127
6131,0.127
6132,0.127
6133,0.127
6134,0.127
6135,0.127
6136,0.127
6137,0.127
6138,0.127
6139,0.127
6140,0.127
6141,0.127
6142,0.127
6143,0.127
6144,0.127
6145,0.127
6146,0.127
6147,0.127
6148,0.127
6149,0.127
6150,0.127
6151,0.127
6152,0.127
6153,0.127
6154,0.127
6155,0.127
6156,0.127
6157,0.127
6158,0.127
6159,0.127
6160,0.127
6161,0.127
6162,0.127
6163,0.127
6164,0.127
6165,0.127
6166,0.127
6167,0.127
6168,0.127
6169,0.127
6170,0.127
6171,0.127
6172,0.127
6173,0.127
6174,0.127
6175,0.127
6176,0.127
6177,0.127
6178,0.141
6179,0.127
6180,0.127
6181,0.127
6182,0.127
6183,0.127
6184,0.127
6185,0.127
6186,0.127
6187,0.127
6188,0.127
6189,0.127
6190,0.127
6191,0.127
6192,0.127
6193,0.127
6194,0.127
6195,0.127
6196,0.127
6197,0.127
6198,0.127
6199,0.127
6200,0.127
6201,0.127
6202,0.127
6203,0.127
6204,0.127
6205,0.127
6206,0.127
6207,0.127
6208,0.127
6209,0.127
6210,0.127
6211,0.127
6212,0.127
6213,0.127
6214,0.127
6215,0.127
6216,0.127
6217,0.315
6218,0.127
6219,0.127
6220,0.127
6221,0.127
6222,0.127
6223,0.127
6224,0.127
6225,0.127
6226,0.127
6227,0.127
6228,0.127
6229,0.127
6230,0.127
6231,0.127
6232,0.127
6233,0.127
6234,0.127
6235,0.127
6236,0.127
6237,0.133
6238,0.127
6239,0.127
6240,0.127
6241,0.127
6242,0.127
6243,0.127
6244,0.127
6245,0.127
6246,0.127
6247,0.127
6248,0.127
6249,0.127
6250,0.127
6251,0.127
6252,0.127
6253,0.222
6254,0.127
6255,0.127
6256,0.127
6257,0.127
6258,0.127
6259,0.127
6260,0.127
6261,0.127
6262,0.127
6263,0.127
6264,0.127
6265,0.127
6266,0.127
6267,0.127
6268,0.127
6269,0.127
6270,0.127
6271,0.127
6272,0.127
6273,0.127
6274,0.182
6275,0.127
6276,0.127
6277,0.127
6278,0.127
6279,0.127
6280,0.127
6281,0.127
6282,0.127
6283,0.332
6284,0.127
6285,0.127
6286,0.127
6287,0.127
6288,0.127
6289,0.127
6290,0.127
6291,0.127
6292,0.127
6293,0.127
6294,0.127
6295,0.127
6296,0.127
6297,0.127
6298,0.127
6299,0.127
6300,0.127
6301,0.127
6302,0.127
6303,0.155
6304,0.127
6305,0.127
6306,0.127
6307,0.127
6308,0.127
6309,0.127
6310,0.127
6311,0.127
6312,0.127
6313,0.127
6314,0.127
6315,0.127
6316,0.127
6317,0.127
6318,0.127
6319,0.127
6320,0.127
6321,0.127
6322,0.127
6323,0.127
6324,0.127
6325,0.127
6326,0.127
6327,0.127
6328,0.127
6329,0.127
6330,0.127
6331,0.127
6332,0.127
6333,0.127
6334,0.127
6335,0.127
6336,0.127
6337,0.127
6338,0.127
6339,0.127
6340,0.127
6341,0.127
6342,0.127
6343,0.127
6344,0.127
6345,0.127
6346,0.127
6347,0.127
6348,0.127
6349,0.127
6350,0.127
6351,0.127
6352,0.127
6353,0.127
6354,0.127
6355,0.127
6356,0.127
6357,0.127
6358,0.127
6359,0.127
6360,0.127
6361,0.127
6362,0.127
6363,0.127
6364,0.127
6365,0.127
6366,0.127
6367,0.127
6368,0.127
6369,0.127
6370,0.127
6371,0.127
6372,0.127
6373,0.127
6374,0.127
6375,0.127
6376,0.127
6377,0.127
6378,0.127
6379,0.127
6380,0.127
6381,0.127
6382,0.127
6383,0.127
6384,0.127
6385,0.127
6386,0.127
6387,0.127
6388,0.127
6389,0.127
6390,0.127
6391,0.127
6392,0.127
6393,0.127
6394,0.127
6395,0.127
6396,0.127
6397,0.127
6398,0.127
6399,0.127
6400,0.127
6401,0.127
6402,0.127
6403,0.127
6404,0.127
6405,0.127
6406,0.127
6407,0.127
6408,0.127
6409,0.127
6410,0.127
6411,0.127
6412,0.127
6413,0.127
6414,0.127
6415,0.127
6416,0.127
6417,0.127
6418,0.127
6419,0.127
6420,0.127
6421,0.127
6422,0.127
6423,0.127
6424,0.127
6425,0.127
6426,0.127
6427,0.127
6428,0.127
6429,0.127
6430,0.127
6431,0.127
6432,0.127
6433,0.127
6434,0.127
6435,0.127
6436,0.127
6437,0.127
6438,0.127
6439,0.127
6440,0.127
6441,0.127
6442,0.127
6443,0.127
6444,0.127
6445,0.127
6446,0.127
6447,0.127
6448,0.127
6449,0.127
6450,0.127
6451,0.127
6452,0.127
6453,0.127
6454,0.127
6455,0.127
6456,0.127
6457,0.127
6458,0.127
6459,0.127
6460,0.127
6461,0.127
6462,0.127
6463,0.127
6464,0.127
6465,0.127
6466,0.127
6467,0.127
6468,0.127
6469,0.127
6470,0.127
6471,0.127
6472,0.127
6473,0.127
6474,0.127
6475,0.127
6476,0.127
6477,0.127
6478,0.127
6479,0.127
6480,0.127
6481,0.127
6482,0.127
6483,0.127
6484,0.127
6485,0.127
6486,0.127
6487,0.127
6488,0.127
6489,0.127
6490,0.127
6491,0.127
6492,0.127
6493,0.127
6494,0.127
6495,0.127
6496,0.127
6497,0.127
6498,0.127
6499,0.127
6500,0.127
6501,0.127
6502,0.127
6503,0.127
6504,0.127
6505,0.127
6506,0.127
6507,0.127
6508,0.127
6509,0.127
6510,0.127
6511,0.127
6512,0.127
6513,0.127
6514,0.127
6515,0.127
6516,0.127
6517,0.127
6518,0.127
6519,0.127
6520,0.127
6521,0.127
6522,0.127
6523,0.127
6524,0.127
6525,0.127
6526,0.127
6527,0.127
6528,0.127
6529,0.127
6530,0.127
6531,0.127
6532,0.127
6533,0.127
6534,0.127
6535,0.127
6536,0.127
6537,0.127
6538,0.127
6539,0.127
6540,0.127
6541,0.127
6542,0.127
6543,0.127
6544,0.127
6545,0.127
6546,0.127
6547,0.127
6548,0.127
6549,0.127
6550,0.127
6551,0.127
6552,0.127
6553,0.127
6554,0.127
6555,0.127
6556,0.127
6557,0.127
6558,0.127
6559,0.127
6560,0.127
6561,0.127
6562,0.127
6563,0.127
6564,0.127
6565,0.127
6566,0.127
6567,0.127
6568,0.127
6569,0.127
6570,0.127
6571,0.127
6572,0.127
6573,0.127
6574,0.127
6575,0.127
6576,0.127
6577,0.127
6578,0.127
6579,0.127
6580,0.127
6581,0.127
6582,0.127
6583,0.127
6584,0.127
6585,0.127
6586,0.127
6587,0.127
6588,0.127
6589,0.127
6590,0.127
6591,0.127
6592,0.127
6593,0.127
6594,0.127
6595,0.127
6596,0.127
6597,0.127
6598,0.127
6599,0.127
6600,0.127
6601,0.127
6602,0.127
6603,0.127
6604,0.127
6605,0.127
6606,0.127
6607,0.127
6608,0.127
6609,0.127
6610,0.127
6611,0.127
6612,0.127
6613,0.127
6614,0.127
6615,0.127
6616,0.127
6617,0.127
6618,0.127
6619,0.127
6620,0.127
6621,0.127
6622,0.127
6623,0.127
6624,0.127
6625,0.127
6626,0.127
6627,0.127
6628,0.127
6629,0.127
6630,0.127
6631,0.127
6632,0.127
6633,0.127
6634,0.127
6635,0.127
6636,0.127
6637,0.127
6638,0.127
6639,0.127
6640,0.127
6641,0.127
6642,0.127
6643,0.127
6644,0.127
6645,0.127
6646,0.127
6647,0.127
6648,0.127
6649,0.127
6650,0.127
6651,0.127
6652,0.127
6653,0.127
6654,0.127
6655,0.127
6656,0.127
6657,0.127
6658,0.127
6659,0.127
6660,0.127
6661,0.127
6662,0.127
6663,0.127
6664,0.127
6665,0.127
6666,0.127
6667,0.127
6668,0.127
6669,0.127
6670,0.127
6671,0.127
6672,0.127
6673,0.127
6674,0.127
6675,0.127
6676,0.127
6677,0.127
6678,0.127
6679,0.127
6680,0.127
6681,0.127
6682,0.127
6683,0.154
6684,0.127
6685,0.127
6686,0.127
6687,0.127
6688,0.127
6689,0.127
6690,0.127
6691,0.127
6692,0.127
6693,0.127
6694,0.127
6695,0.127
6696,0.127
6697,0.127
6698,0.127
6699,0.127
6700,0.127
6701,0.127
6702,0.127
6703,0.127
6704,0.127
6705,0.127
6706,0.127
6707,0.127
6708,0.127
6709,0.127
6710,0.127
6711,0.127
6712,0.127
6713,0.127
6714,0.127
6715,0.127
6716,0.127
6717,0.127
6718,0.127
6719,0.127
6720,0.127
6721,0.127
6722,0.127
6723,0.127
6724,0.127
6725,0.127
6726,0.127
6727,0.127
6728,0.127
6729,0.127
6730,0.127
6731,0.127
6732,0.127
6733,0.127
6734,0.127
6735,0.127
6736,0.127
6737,0.127
6738,0.127
6739,0.127
6740,0.127
6741,0.127
6742,0.127
6743,0.127
6744,0.127
6745,0.127
6746,0.127
6747,0.127
6748,0.127
6749,0.127
6750,0.127
6751,0.127
6752,0.127
6753,0.127
6754,0.127
6755,0.127
6756,0.127
6757,0.127
6758,0.127
6759,0.127
6760,0.127
6761,0.127
6762,0.127
6763,0.127
6764,0.127
6765,0.127
6766,0.127
6767,0.127
6768,0.127
6769,0.127
6770,0.127
6771,0.127
6772,0.127
6773,0.127
6774,0.127
6775,0.127
6776,0.127
6777,0.127
6778,0.127
6779,0.127
6780,0.127
6781,0.127
6782,0.127
6783,0.127
6784,0.127
6785,0.127
6786,0.127
6787,0.127
6788,0.127
6789,0.127
6790,0.127
6791,0.127
6792,0.127
6793,0.127
6794,0.127
6795,0.127
6796,0.127
6797,0.127
6798,0.127
6799,0.127
6800,0.127
6801,0.127
6802,0.127
6803,0.127
6804,0.127
6805,0.127
6806,0.127
6807,0.127
6808,0.127
6809,0.127
6810,0.127
6811,0.127
6812,0.127
6813,0.127
6814,0.127
6815,0.127
6816,0.142
6817,0.127
6818,0.127
6819,0.127
6820,0.127
6821,0.127
6822,0.127
6823,0.127
6824,0.127
6825,0.127
6826,0.127
6827,0.127
6828,0.127
6829,0.127
6830,0.127
6831,0.127
6832,0.127
6833,0.127
6834,0.127
6835,0.127
6836,0.127
6837,0.127
6838,0.127
6839,0.127
6840,0.127
6841,0.127
6842,0.127
6843,0.127
6844,0.127
6845,0.127
6846,0.158
6847,0.127
6848,0.127
6849,0.127
6850,0.127
6851,0.127
6852,0.127
6853,0.127
6854,0.127
6855,0.127
6856,0.127
6857,0.127
6858,0.127
6859,0.127
6860,0.127
6861,0.127
6862,0.127
6863,0.127
6864,0.127
6865,0.127
6866,0.127
6867,0.127
6868,0.127
6869,0.127
6870,0.127
6871,0.127
6872,0.127
6873,0.127
6874,0.127
6875,0.127
6876,0.127
6877,0.127
6878,0.127
6879,0.127
6880,0.127
6881,0.127
6882,0.127
6883,0.127
6884,0.127
6885,0.127
6886,0.127
6887,0.127
6888,0.127
6889,0.127
6890,0.127
6891,0.127
6892,0.127
6893,0.127
6894,0.127
6895,0.127
6896,0.127
6897,0.127
6898,0.127
6899,0.127
6900,0.127
6901,0.127
6902,0.127
6903,0.127
6904,0.127
6905,0.127
6906,0.127
6907,0.127
6908,0.127
6909,0.127
6910,0.127
6911,0.127
6912,0.127
6913,0.127
6914,0.127
6915,0.127
6916,0.127
6917,0.127
6918,0.127
6919,0.127
6920,0.127
6921,0.127
6922,0.127
6923,0.127
6924,0.127
6925,0.127
6926,0.127
6927,0.127
6928,0.127
6929,0.127
6930,0.127
6931,0.127
6932,0.127
6933,0.127
6934,0.127
6935,0.127
6936,0.127
6937,0.127
6938,0.127
6939,0.127
6940,0.127
6941,0.127
6942,0.127
6943,0.127
6944,0.127
6945,0.127
6946,0.127
6947,0.127
6948,0.127
6949,0.127
6950,0.127
6951,0.127
6952,0.127
6953,0.127
6954,0.127
6955,0.127
6956,0.127
6957,0.127
6958,0.127
6959,0.127
6960,0.127
6961,0.176
6962,0.127
6963,0.127
6964,0.127
6965,0.127
6966,0.127
6967,0.127
6968,0.127
6969,0.127
6970,0.127
6971,0.127
6972,0.127
6973,0.127
6974,0.127
6975,0.127
6976,0.127
6977,0.127
6978,0.127
6979,0.127
6980,0.127
6981,0.127
6982,0.127
6983,0.127
6984,0.127
6985,0.127
6986,0.127
6987,0.127
6988,0.127
6989,0.127
6990,0.127
6991,0.127
6992,0.127
6993,0.127
6994,0.127
6995,0.127
6996,0.127
6997,0.14
6998,0.127
6999,0.127
7000,0.127
7001,0.127
7002,0.127
7003,0.127
7004,0.127
7005,0.127
7006,0.127
7007,0.127
7008,0.127
7009,0.127
7010,0.127
7011,0.127
7012,0.127
7013,0.127
7014,0.127
7015,0.127
7016,0.127
7017,0.127
7018,0.127
7019,0.127
7020,0.127
7021,0.127
7022,0.127
7023,0.127
7024,0.127
7025,0.127
7026,0.127
7027,0.127
7028,0.127
7029,0.127
7030,0.127
7031,0.127
7032,0.127
7033,0.127
7034,0.159
7035,0.127
7036,0.127
7037,0.127
7038,0.127
7039,0.127
7040,0.127
7041,0.127
7042,0.127
7043,0.127
7044,0.127
7045,0.127
7046,0.127
7047,0.127
7048,0.127
7049,0.127
7050,0.127
7051,0.127
7052,0.127
7053,0.127
7054,0.127
7055,0.127
7056,0.127
7057,0.127
7058,0.127
7059,0.127
7060,0.127
7061,0.127
7062,0.127
7063,0.127
7064,0.127
7065,0.127
7066,0.127
7067,0.127
7068,0.127
7069,0.127
7070,0.127
7071,0.127
7072,0.127
7073,0.127
7074,0.127
7075,0.127
7076,0.127
7077,0.127
7078,0.127
7079,0.127
7080,0.127
7081,0.127
7082,0.127
7083,0.127
7084,0.127
7085,0.127
7086,0.127
7087,0.127
7088,0.127
7089,0.127
7090,0.127
7091,0.127
7092,0.127
7093,0.127
7094,0.127
7095,0.127
7096,0.127
7097,0.127
7098,0.127
7099,0.136
7100,0.127
7101,0.127
7102,0.127
7103,0.127
7104,0.127
7105,0.127
7106,0.127
7107,0.127
7108,0.127
7109,0.127
7110,0.127
7111,0.127
7112,0.127
7113,0.127
7114,0.127
7115,0.127
7116,0.127
7117,0.127
7118,0.127
7119,0.127
7120,0.127
7121,0.127
7122,0.127
7123,0.127
7124,0.127
7125,0.127
7126,0.127
7127,0.127
7128,0.127
7129,0.127
7130,0.127
7131,0.127
7132,0.127
7133,0.127
7134,0.127
7135,0.127
7136,0.127
7137,0.127
7138,0.127
7139,0.127
7140,0.127
7141,0.127
7142,0.127
7143,0.127
7144,0.127
7145,0.127
7146,0.127
7147,0.127
7148,0.127
7149,0.127
7150,0.127
7151,0.127
7152,0.127
7153,0.127
7154,0.127
7155,0.127
7156,0.127
7157,0.127
7158,0.127
7159,0.127
7160,0.127
7161,0.127
7162,0.127
7163,0.127
7164,0.127
7165,0.127
7166,0.127
7167,0.127
7168,0.127
7169,0.127
7170,0.127
7171,0.127
7172,0.127
7173,0.127
7174,0.127
7175,0.127
7176,0.127
7177,0.127
7178,0.127
7179,0.127
7180,0.127
7181,0.127
7182,0.127
7183,0.127
7184,0.127
7185,0.127
7186,0.127
7187,0.127
7188,0.127
7189,0.127
7190,0.127
7191,0.127
7192,0.127
7193,0.127
7194,0.127
7195,0.127
7196,0.127
7197,0.127
7198,0.127
7199,0.127
7200,0.127
7201,0.127
7202,0.127
7203,0.127
7204,0.127
7205,0.127
7206,0.127
7207,0.127
7208,0.127
7209,0.127
7210,0.127
7211,0.127
7212,0.127
7213,0.127
7214,0.127
7215,0.127
7216,0.127
7217,0.127
7218,0.127
7219,0.127
7220,0.127
7221,0.127
7222,0.127
7223,0.127
7224,0.127
7225,0.127
7226,0.127
7227,0.127
7228,0.127
7229,0.127
7230,0.127
7231,0.127
7232,0.127
7233,0.127
7234,0.127
7235,0.127
7236,0.127
7237,0.127
7238,0.127
7239,0.127
7240,0.127
7241,0.127
7242,0.127
7243,0.127
7244,0.127
7245,0.127
7246,0.127
7247,0.127
7248,0.127
7249,0.127
7250,0.127
7251,0.127
7252,0.127
7253,0.127
7254,0.127
7255,0.127
7256,0.127
7257,0.127
7258,0.127
7259,0.127
7260,0.127
7261,0.127
7262,0.127
7263,0.127
7264,0.127
7265,0.127
7266,0.127
7267,0.127
7268,0.127
7269,0.127
7270,0.127
7271,0.127
7272,0.127
7273,0.127
7274,0.127
7275,0.127
7276,0.127
7277,0.127
7278,0.127
7279,0.127
7280,0.127
7281,0.127
7282,0.127
7283,0.127
7284,0.127
7285,0.127
7286,0.127
7287,0.127
7288,0.127
7289,0.127
7290,0.127
7291,0.127
7292,0.127
7293,0.127
7294,0.127
7295,0.127
7296,0.127
7297,0.127
7298,0.127
7299,0.127
7300,0.127
7301,0.127
7302,0.127
7303,0.127
7304,0.127
7305,0.127
7306,0.127
7307,0.127
7308,0.127
7309,0.127
7310,0.127
7311,0.127
7312,0.127
7313,0.127
7314,0.127
7315,0.127
7316,0.127
7317,0.127
7318,0.127
7319,0.127
7320,0.127
7321,0.127
7322,0.127
7323,0.127
7324,0.127
7325,0.127
7326,0.127
7327,0.127
7328,0.127
7329,0.127
7330,0.127
7331,0.127
7332,0.127
7333,0.127
7334,0.127
7335,0.183
7336,0.127
7337,0.127
7338,0.127
7339,0.127
7340,0.127
7341,0.127
7342,0.127
7343,0.127
7344,0.127
7345,0.127
7346,0.127
7347,0.127
7348,0.127
7349,0.127
7350,0.127
7351,0.127
7352,0.127
7353,0.127
7354,0.127
7355,0.127
7356,0.127
7357,0.127
7358,0.127
7359,0.127
7360,0.127
7361,0.127
7362,0.127
7363,0.127
7364,0.127
7365,0.127
7366,0.127
7367,0.127
7368,0.127
7369,0.127
7370,0.127
7371,0.127
7372,0.127
7373,0.127
7374,0.127
7375,0.127
7376,0.127
7377,0.127
7378,0.127
7379,0.127
7380,0.127
7381,0.127
7382,0.127
7383,0.127
7384,0.127
7385,0.127
7386,0.127
7387,0.127
7388,0.127
7389,0.127
7390,0.127
7391,0.127
7392,0.127
7393,0.146
7394,0.127
7395,0.127
7396,0.127
7397,0.127
7398,0.127
7399,0.127
7400,0.127
7401,0.127
7402,0.127
7403,0.127
7404,0.127
7405,0.127
7406,0.127
7407,0.127
7408,0.127
7409,0.127
7410,0.127
7411,0.127
7412,0.127
7413,0.127
7414,0.127
7415,0.127
7416,0.127
7417,0.127
7418,0.127
7419,0.127
7420,0.127
7421,0.127
7422,0.127
7423,0.127
7424,0.127
7425,0.127
7426,0.127
7427,0.127
7428,0.127
7429,0.127
7430,0.127
7431,0.127
7432,0.127
7433,0.127
7434,0.127
7435,0.127
7436,0.127
7437,0.127
7438,0.127
7439,0.127
7440,0.127
7441,0.127
7442,0.127
7443,0.127
7444,0.127
7445,0.127
7446,0.127
7447,0.127
7448,0.127
7449,0.127
7450,0.178
7451,0.127
7452,0.127
7453,0.127
7454,0.127
7455,0.143
7456,0.127
7457,0.127
7458,0.127
7459,0.127
7460,0.127
7461,0.127
7462,0.127
7463,0.127
7464,0.127
7465,0.127
7466,0.127
7467,0.127
7468,0.127
7469,0.127
7470,0.127
7471,0.127
7472,0.127
7473,0.127
7474,0.127
7475,0.127
7476,0.127
7477,0.127
7478,0.127
7479,0.127
7480,0.127
7481,0.127
7482,0.127
7483,0.127
7484,0.127
7485,0.127
7486,0.127
7487,0.127
7488,0.127
7489,0.127
7490,0.127
7491,0.127
7492,0.127
7493,0.127
7494,0.127
7495,0.127
7496,0.127
7497,0.127
7498,0.127
7499,0.127
7500,0.127
7501,0.127
7502,0.127
7503,0.127
7504,0.127
7505,0.127
7506,0.127
7507,0.127
7508,0.127
7509,0.127
7510,0.127
7511,0.127
7512,0.127
7513,0.127
7514,0.127
7515,0.127
7516,0.127
7517,0.127
7518,0.127
7519,0.127
7520,0.127
7521,0.127
7522,0.146
7523,0.127
7524,0.127
7525,0.127
7526,0.127
7527,0.127
7528,0.127
7529,0.127
7530,0.127
7531,0.127
7532,0.127
7533,0.127
7534,0.127
7535,0.127
7536,0.127
7537,0.127
7538,0.127
7539,0.127
7540,0.127
7541,0.127
7542,0.127
7543,0.127
7544,0.127
7545,0.127
7546,0.127
7547,0.127
7548,0.127
7549,0.127
7550,0.127
7551,0.127
7552,0.127
7553,0.127
7554,0.127
7555,0.127
7556,0.127
7557,0.127
7558,0.127
7559,0.127
7560,0.127
7561,0.164
7562,0.127
7563,0.127
7564,0.127
7565,0.127
7566,0.127
7567,0.127
7568,0.127
7569,0.127
7570,0.127
7571,0.127
7572,0.127
7573,0.127
7574,0.127
7575,0.127
7576,0.127
7577,0.127
7578,0.127
7579,0.127
7580,0.127
7581,0.127
7582,0.127
7583,0.127
7584,0.127
7585,0.127
7586,0.139
7587,0.127
7588,0.127
7589,0.127
7590,0.127
7591,0.127
7592,0.127
7593,0.127
7594,0.127
7595,0.127
7596,0.127
7597,0.127
7598,0.127
7599,0.127
7600,0.127
7601,0.127
7602,0.127
7603,0.127
7604,0.127
7605,0.127
7606,0.127
7607,0.127
7608,0.127
7609,0.127
7610,0.127
7611,0.127
7612,0.127
7613,0.127
7614,0.127
7615,0.127
7616,0.127
7617,0.127
7618,0.127
7619,0.127
7620,0.127
7621,0.127
7622,0.127
7623,0.127
7624,0.127
7625,0.127
7626,0.127
7627,0.127
7628,0.127
7629,0.127
7630,0.127
7631,0.127
7632,0.127
7633,0.127
7634,0.127
7635,0.127
7636,0.127
7637,0.127
7638,0.127
7639,0.127
7640,0.127
7641,0.127
7642,0.127
7643,0.127
7644,0.127
7645,0.127
7646,0.127
7647,0.127
7648,0.127
7649,0.127
7650,0.127
7651,0.127
7652,0.127
7653,0.127
7654,0.127
7655,0.127
7656,0.127
7657,0.127
7658,0.127
7659,0.127
7660,0.127
7661,0.127
7662,0.127
7663,0.127
7664,0.127
7665,0.127
7666,0.127
7667,0.127
7668,0.127
7669,0.127
7670,0.127
7671,0.127
7672,0.127
7673,0.127
7674,0.127
7675,0.127
7676,0.127
7677,0.127
7678,0.127
7679,0.127
7680,0.127
7681,0.127
7682,0.127
7683,0.127
7684,0.127
7685,0.127
7686,0.127
7687,0.127
7688,0.127
7689,0.127
7690,0.127
7691,0.127
7692,0.145
7693,0.127
7694,0.127
7695,0.127
7696,0.127
7697,0.127
7698,0.127
7699,0.127
7700,0.127
7701,0.127
7702,0.127
7703,0.127
7704,0.127
7705,0.127
7706,0.127
7707,0.127
7708,0.127
7709,0.127
7710,0.127
7711,0.127
7712,0.127
7713,0.127
7714,0.127
7715,0.127
7716,0.127
7717,0.127
7718,0.127
7719,0.127
7720,0.127
7721,0.127
7722,0.127
7723,0.127
7724,0.127
7725,0.127
7726,0.127
7727,0.127
7728,0.127
7729,0.127
7730,0.127
7731,0.127
7732,0.127
7733,0.127
7734,0.127
7735,0.127
7736,0.127
7737,0.127
7738,0.127
7739,0.127
7740,0.127
7741,0.127
7742,0.127
7743,0.127
7744,0.127
7745,0.127
7746,0.127
7747,0.127
7748,0.127
7749,0.127
7750,0.127
7751,0.127
7752,0.127
7753,0.127
7754,0.127
7755,0.127
7756,0.127
7757,0.127
7758,0.127
7759,0.127
7760,0.127
7761,0.127
7762,0.127
7763,0.127
7764,0.127
7765,0.127
7766,0.127
7767,0.127
7768,0.127
7769,0.127
7770,0.127
7771,0.127
7772,0.127
7773,0.127
7774,0.127
7775,0.127
7776,0.127
7777,0.127
7778,0.127
7779,0.127
7780,0.127
7781,0.127
7782,0.127
7783,0.127
7784,0.127
7785,0.127
7786,0.127
7787,0.127
7788,0.127
7789,0.127
7790,0.127
7791,0.127
7792,0.127
7793,0.127
7794,0.127
7795,0.127
7796,0.127
7797,0.127
7798,0.127
7799,0.127
7800,0.127
7801,0.127
7802,0.127
7803,0.127
7804,0.127
7805,0.127
7806,0.127
7807,0.127
7808,0.127
7809,0.127
7810,0.127
7811,0.127
7812,0.127
7813,0.127
7814,0.127
7815,0.127
7816,0.127
7817,0.127
7818,0.127
7819,0.127
7820,0.127
7821,0.127
7822,0.127
7823,0.127
7824,0.127
7825,0.127
7826,0.127
7827,0.127
7828,0.127
7829,0.127
7830,0.127
7831,0.127
7832,0.127
7833,0.127
7834,0.127
7835,0.127
7836,0.127
7837,0.127
7838,0.127
7839,0.127
7840,0.127
7841,0.127
7842,0.127
7843,0.127
7844,0.127
7845,0.127
7846,0.127
7847,0.127
7848,0.127
7849,0.127
7850,0.127
7851,0.127
7852,0.127
7853,0.127
7854,0.127
7855,0.127
7856,0.127
7857,0.127
7858,0.127
7859,0.127
7860,0.127
7861,0.127
7862,0.127
7863,0.127
7864,0.127
7865,0.127
7866,0.127
7867,0.127
7868,0.127
7869,0.127
7870,0.127
7871,0.127
7872,0.127
7873,0.127
7874,0.127
7875,0.127
7876,0.127
7877,0.127
7878,0.127
7879,0.127
7880,0.127
7881,0.127
7882,0.127
7883,0.127
7884,0.127
7885,0.127
7886,0.127
7887,0.127
7888,0.177
7889,0.127
7890,0.127
7891,0.127
7892,0.127
7893,0.127
7894,0.127
7895,0.127
7896,0.127
7897,0.127
7898,0.127
7899,0.127
7900,0.127
7901,0.127
7902,0.127
7903,0.127
7904,0.127
7905,0.127
7906,0.127
7907,0.127
7908,0.127
7909,0.127
7910,0.127
7911,0.127
7912,0.127
7913,0.127
7914,0.127
7915,0.127
7916,0.127
7917,0.127
7918,0.127
7919,0.127
7920,0.127
7921,0.127
7922,0.127
7923,0.127
7924,0.127
7925,0.127
7926,0.127
7927,0.127
7928,0.127
7929,0.127
7930,0.127
7931,0.127
7932,0.127
7933,0.127
7934,0.127
7935,0.127
7936,0.127
7937,0.146
7938,0.127
7939,0.127
7940,0.127
7941,0.127
7942,0.127
7943,0.127
7944,0.127
7945,0.127
7946,0.127
7947,0.127
7948,0.127
7949,0.127
7950,0.127
7951,0.127
7952,0.127
7953,0.127
7954,0.127
7955,0.127
7956,0.127
7957,0.127
7958,0.127
7959,0.127
7960,0.127
7961,0.127
7962,0.127
7963,0.127
7964,0.127
7965,0.127
7966,0.127
7967,0.127
7968,0.127
7969,0.127
7970,0.127
7971,0.127
7972,0.127
7973,0.127
7974,0.159
7975,0.127
7976,0.127
7977,0.127
7978,0.127
7979,0.127
7980,0.127
7981,0.127
7982,0.127
7983,0.127
7984,0.127
7985,0.127
7986,0.127
7987,0.127
7988,0.127
7989,0.127
7990,0.127
7991,0.127
7992,0.127
7993,0.127
7994,0.127
7995,0.127
7996,0.127
7997,0.127
7998,0.127
7999,0.127
8000,0.127
8001,0.127
8002,0.127
8003,0.127
8004,0.127
8005,0.127
8006,0.127
8007,0.127
8008,0.127
8009,0.127
8010,0.127
8011,0.127
8012,0.127
8013,0.127
8014,0.127
8015,0.127
8016,0.127
8017,0.127
8018,0.127
8019,0.127
8020,0.127
8021,0.127
8022,0.127
8023,0.127
8024,0.127
8025,0.127
8026,0.127
8027,0.127
8028,0.127
8029,0.127
8030,0.127
8031,0.127
8032,0.153
8033,0.127
8034,0.127
8035,0.127
8036,0.127
8037,0.127
8038,0.127
8039,0.127
8040,0.127
8041,0.127
8042,0.127
8043,0.127
8044,0.127
8045,0.127
8046,0.127
8047,0.127
8048,0.127
8049,0.127
8050,0.127
8051,0.127
8052,0.127
8053,0.127
8054,0.127
8055,0.127
8056,0.127
8057,0.127
8058,0.127
8059,0.127
8060,0.127
8061,0.127
8062,0.127
8063,0.127
8064,0.127
8065,0.127
8066,0.127
8067,0.127
8068,0.127
8069,0.127
8070,0.127
8071,0.127
8072,0.127
8073,0.127
8074,0.127
8075,0.168
8076,0.127
8077,0.127
8078,0.127
8079,0.127
8080,0.127
8081,0.127
8082,0.127
8083,0.127
8084,0.127
8085,0.127
8086,0.127
8087,0.127
8088,0.127
8089,0.127
8090,0.127
8091,0.127
8092,0.127
8093,0.127
8094,0.127
8095,0.127
8096,0.127
8097,0.127
8098,0.127
8099,0.127
8100,0.127
8101,0.127
8102,0.127
8103,0.127
8104,0.127
8105,0.127
8106,0.127
8107,0.127
8108,0.127
8109,0.127
8110,0.127
8111,0.127
8112,0.127
8113,0.127
8114,0.127
8115,0.127
8116,0.127
8117,0.127
8118,0.127
8119,0.127
8120,0.127
8121,0.127
8122,0.127
8123,0.127
8124,0.127
8125,0.127
8126,0.127
8127,0.127
8128,0.127
8129,0.127
8130,0.127
8131,0.127
8132,0.127
8133,0.127
8134,0.127
8135,0.127
8136,0.127
8137,0.127
8138,0.127
8139,0.127
8140,0.127
8141,0.127
8142,0.127
8143,0.127
8144,0.127
8145,0.127
8146,0.127
8147,0.127
8148,0.127
8149,0.127
8150,0.127
8151,0.127
8152,0.127
8153,0.127
8154,0.127
8155,0.127
8156,0.127
8157,0.127
8158,0.127
8159,0.127
8160,0.127
8161,0.127
8162,0.127
8163,0.127
8164,0.127
8165,0.127
8166,0.127
8167,0.127
8168,0.127
8169,0.127
8170,0.171
8171,0.127
8172,0.127
8173,0.127
8174,0.127
8175,0.127
8176,0.127
8177,0.127
8178,0.127
8179,0.127
8180,0.127
8181,0.127
8182,0.127
8183,0.127
8184,0.127
8185,0.127
8186,0.127
8187,0.127
8188,0.127
8189,0.127
8190,0.127
8191,0.127
